Date ,Description,Interest date,Withdrawals,Deposits
07/02/2021,VISA Varekjøp TV2 A/S Reservert transaksjon null,07/02/2021,79.00,
04/02/2021,VISA Varekjøp MONDE INTERACTI Reservert transaksjon null,04/02/2021,105.86,
02/02/2021,VISA Varekjøp Storytel AS Reservert transaksjon null,02/02/2021,179.00,
04/02/2021,Varekjøp Rema Kjelsaas Kjelsåsveien Oslo Dato 04.02 kl. 12.45 ,04/02/2021,210.80,
03/02/2021,Visa  100022,05/02/2021,39.00,
03/02/2021,Varekjøp Rema Kjelsaas Kjelsåsveien Oslo Dato 03.02 kl. 12.25 ,03/02/2021,269.59,
02/02/2021,Visa  100022,04/02/2021,109.00,
01/02/2021,Varekjøp Rema Kjelsaas Kjelsåsveien Oslo Dato 01.02 kl. 15.29 ,02/02/2021,338.70,
01/02/2021,Overføring Innland  3046315454 Damascene Elphadar Safari Vipps ,01/02/2021,88.00,
01/02/2021,Overføring  3508325644 Ola Ming Jie Yang Vipps Vipps Vipps,01/02/2021,269.00,
29/01/2021,Varekjøp Rema Kjelsaas Kjelsåsveien Oslo Dato 29.01 kl. 14.47 ,29/01/2021,544.20,
28/01/2021,Giro  687 Telia Norge AS Efaktura ,28/01/2021,329.93,
28/01/2021,Giro  688 Telia Norge AS Efaktura ,28/01/2021,348.00,
27/01/2021,Varekjøp Rema Kjelsaas Kjelsåsveien Oslo Dato 27.01 kl. 15.46 ,28/01/2021,196.25,
25/01/2021,Visa  100022,27/01/2021,109.00,
25/01/2021,Varekjøp Rema Kjelsaas Kjelsåsveien Oslo Dato 25.01 kl. 14.47 ,25/01/2021,524.30,
23/01/2021,Giro  683 Redd Barna Avtalegiro ,25/01/2021,275.00,
22/01/2021,Visa  100121,26/01/2021,78.05,
22/01/2021,Visa  100021,26/01/2021,37.00,
21/01/2021,Visa  100221,25/01/2021,37.00,
21/01/2021,Visa  100121,25/01/2021,37.00,
21/01/2021,Visa  100021,25/01/2021,18.00,
21/01/2021,Overføring Innland  3968322399 Nicolas Jey Wong Vipps ,21/01/2021,288.00,
20/01/2021,Visa  100122,21/01/2021,119.00,
20/01/2021,Giro  572237 Liv Helene Arntzen  ,20/01/2021,,"1,000.00"
20/01/2021,Varekjøp Elkjop Storo Vitaminvn 7/ Oslo Dato 20.01 kl. 11.39 ,20/01/2021,899.00,
20/01/2021,Varekjøp Coop Prix Kjels Midtoddvn. 2 Oslo Dato 20.01 kl. 12.37 ,20/01/2021,349.92,
20/01/2021,Varekjøp Vinmonopolet Storo Oslo Dato 20.01 kl. 11.45 ,20/01/2021,122.90,
20/01/2021,Giro  686 Samfunnsøkonomenes Forening Efaktura ,20/01/2021,"1,020.00",
19/01/2021,Visa  100021,21/01/2021,37.00,
19/01/2021,Varekjøp Coop Prix Kjels Midtoddvn. 2 Oslo Dato 19.01 kl. 10.46 ,19/01/2021,282.80,
19/01/2021,Overføring Innland  3178312750 Arne Magne Elstad Vipps ,19/01/2021,,150.00
18/01/2021,Varekjøp Coop Prix Kjels Midtoddvn. 2 Oslo Dato 18.01 kl. 18.20 ,19/01/2021,113.20,
18/01/2021,Overføring Innland  681 Jørgen Solberg Fast Oppdrag ,18/01/2021,"11,950.00",
16/01/2021,Varekjøp Burito AS Avd b Bogstadveien Oslo Dato 16.01 kl. 14.35 ,18/01/2021,190.00,
16/01/2021,Varekjøp Coop Prix Kjels Midtoddvn. 2 Oslo Dato 16.01 kl. 16.41 ,18/01/2021,211.20,
15/01/2021,Visa  100122,19/01/2021,69.00,
15/01/2021,Visa  100221,19/01/2021,37.00,
15/01/2021,Visa  100021,19/01/2021,60.05,
15/01/2021,Varekjøp Coop Prix Kjels Midtoddvn. 2 Oslo Dato 15.01 kl. 17.30 ,18/01/2021,281.05,
15/01/2021,Varekjøp Akademika Nydal Sognsveien 2 Oslo Dato 15.01 kl. 16.46 ,18/01/2021,569.00,
15/01/2021,Varekjøp Akademika Oslo Problemvn. 9 Oslo Dato 15.01 kl. 12.03 ,15/01/2021,"1,248.00",
15/01/2021,Kontoregulering  680 Overføring Mellom Egne Konti  ,15/01/2021,"5,000.00",
14/01/2021,Varekjøp Coop Prix Kjels Midtoddvn. 2 Oslo Dato 14.01 kl. 19.36 ,15/01/2021,148.80,
14/01/2021,Lønn  1785375 Universitetet i Oslo  ,14/01/2021,,"28,121.30"
13/01/2021,Visa  100022,15/01/2021,503.00,
13/01/2021,Overføring Innland  3164313537 Harry Lyngsmo Vipps ,13/01/2021,,790.00
13/01/2021,Varekjøp Power Storo Vitaminv. 6 Oslo Dato 13.01 kl. 10.21 ,13/01/2021,790.00,
12/01/2021,Fast Oppdrag  3612 Cecilie Elstad  ,12/01/2021,,500.00
11/01/2021,Varekjøp Rema Kjelsaas Kjelsåsveien Oslo Dato 11.01 kl. 19.04 ,12/01/2021,70.80,
11/01/2021,Varekjøp Rema Kjelsaas Kjelsåsveien Oslo Dato 11.01 kl. 11.36 ,11/01/2021,588.72,
11/01/2021,"Varekjøp Apotek 1, Tåsen Kaj Munksv. Oslo Dato 11.01 kl. 10.36 ",11/01/2021,72.90,
11/01/2021,Overføring  3403315281 Ivan Myhre Winje Vipps Vipps Vipps,11/01/2021,332.00,
09/01/2021,Varekjøp Bella Restauran Grefsenveien Oslo Dato 09.01 kl. 15.43 ,11/01/2021,280.00,
09/01/2021,Varekjøp Vinmonopolet Storo Oslo Dato 09.01 kl. 15.07 ,11/01/2021,122.90,
08/01/2021,Visa  100022,12/01/2021,105.73,
08/01/2021,Varekjøp Rema Kjelsaas Kjelsåsveien Oslo Dato 08.01 kl. 19.01 ,11/01/2021,190.30,
07/01/2021,Varekjøp Coop Prix Kjels Midtoddvn. 2 Oslo Dato 07.01 kl. 18.01 ,08/01/2021,62.40,
07/01/2021,Varekjøp Bislett Kebab h Sandakerveie Oslo Dato 07.01 kl. 17.04 ,08/01/2021,115.00,
06/01/2021,Varekjøp Coop Prix Kjels Midtoddvn. 2 Oslo Dato 06.01 kl. 18.36 ,07/01/2021,292.90,
06/01/2021,Varekjøp Prince Lunchbar Kirkegata 20 Oslo Dato 06.01 kl. 16.12 ,07/01/2021,99.00,
05/01/2021,Varekjøp Coop Prix Kjels Midtoddvn. 2 Oslo Dato 05.01 kl. 11.38 ,05/01/2021,35.00,
05/01/2021,Varekjøp Rema Kjelsaas Kjelsåsveien Oslo Dato 05.01 kl. 11.22 ,05/01/2021,282.70,
04/01/2021,Varekjøp Coop Prix Kjels Midtoddvn. 2 Oslo Dato 04.01 kl. 16.43 ,05/01/2021,185.31,
04/01/2021,Varekjøp Intersport Vitaminveien Oslo Dato 04.01 kl. 15.45 ,05/01/2021,249.00,
04/01/2021,Varekjøp 130 Jernia Storo Oslo Dato 04.01 kl. 15.21 ,05/01/2021,156.00,
03/01/2021,Visa  100021,08/01/2021,179.00,
02/01/2021,Visa  100022,05/01/2021,109.00,
02/01/2021,Varekjøp Synsam Storo 12 Postboks 961 Oslo Dato 02.01 kl. 17.03 ,04/01/2021,"1,200.00",
02/01/2021,Varekjøp 1210 Jj Storo Vitaminvn 7 Oslo Dato 02.01 kl. 16.46 ,04/01/2021,599.92,
02/01/2021,Varekjøp Coop Mega Storo Vitaminveien Oslo Dato 02.01 kl. 17.12 ,04/01/2021,296.90,
02/01/2021,Varekjøp Boys Storo Vitaminveien Oslo Dato 02.01 kl. 16.21 ,04/01/2021,"1,101.00",
31/12/2020,Renter,31/12/2020,,14.22
31/12/2020,Varekjøp Rema Kjelsaas Kjelsåsveien Oslo Dato 31.12 kl. 11.56 ,31/12/2020,320.75,
30/12/2020,Varekjøp Rema Nannestad Ekervegen - Nannes Dato 30.12 kl. 12.43 ,30/12/2020,920.28,
29/12/2020,Giro  684 Telia Norge AS Efaktura ,30/12/2020,329.00,
29/12/2020,Giro  685 Telia Norge AS Efaktura ,30/12/2020,348.00,
28/12/2020,Overføring Innland  3729296826 Arne Magne Elstad  ,28/12/2020,600.00,
23/12/2020,Giro  678 Redd Barna Avtalegiro ,23/12/2020,275.00,
22/12/2020,Varekjøp Rema Toppen Hvittingfoss Holmestran Dato 22.12 kl. 17.56 ,23/12/2020,256.00,
21/12/2020,Giro  682 Samfunnsøkonomene Mobil Betaling ,21/12/2020,666.00,
21/12/2020,Overføring Innland  3635293939 Harry Lyngsmo Vipps ,21/12/2020,,"1,200.00"
20/12/2020,Visa  100022,22/12/2020,119.00,
20/12/2020,Giro  677 Framtiden i Våre Hender Avtalegiro Framtiden i Våre Hender,21/12/2020,200.00,
18/12/2020,Varekjøp Elkjøp Storo Vitaminvn 7/ Oslo Dato 18.12 kl. 13.19 ,18/12/2020,"1,177.00",
18/12/2020,Varekjøp Ark Storo Oslo Vitaminveien Oslo Dato 18.12 kl. 13.32 ,18/12/2020,88.80,
18/12/2020,Varekjøp Norli Storo Sto Vitaminveien Oslo Dato 18.12 kl. 13.51 ,18/12/2020,399.00,
18/12/2020,Overføring Innland  674 Jørgen Solberg Fast Oppdrag ,18/12/2020,"11,950.00",
17/12/2020,Varekjøp Rema Kjelsaas Kjelsåsveien Oslo Dato 17.12 kl. 14.01 ,17/12/2020,170.94,
16/12/2020,Varekjøp Spar Tåsen Kaj Munks Ve Oslo Dato 16.12 kl. 16.52 ,17/12/2020,81.80,
15/12/2020,Visa  100022,17/12/2020,69.00,
15/12/2020,Varekjøp Rema Kjelsaas Kjelsåsveien Oslo Dato 15.12 kl. 15.58 ,16/12/2020,121.40,
15/12/2020,Varekjøp Coop Prix Kjels Midtoddvn. 2 Oslo Dato 15.12 kl. 16.37 ,16/12/2020,89.90,
15/12/2020,Overføring  3496293022 Liv Helene Arntzen Vipps Vipps Vipps,15/12/2020,,40.00
15/12/2020,Varekjøp Rema Kjelsaas Kjelsåsveien Oslo Dato 15.12 kl. 10.26 ,15/12/2020,122.01,
15/12/2020,Kontoregulering  679 Overføring Mellom Egne Konti  ,15/12/2020,"5,000.00",
14/12/2020,Visa  100021,16/12/2020,400.00,
14/12/2020,Varekjøp Rema Kjelsaas Kjelsåsveien Oslo Dato 14.12 kl. 16.22 ,15/12/2020,238.50,
13/12/2020,Visa  100221,15/12/2020,196.00,
12/12/2020,Fast Oppdrag  3606 Cecilie Elstad  ,14/12/2020,,500.00
11/12/2020,Visa  100121,15/12/2020,196.00,
11/12/2020,Visa  100021,15/12/2020,50.00,
11/12/2020,Varekjøp Spar Kullboden Havnegaten 1 Holmes Dato 11.12 kl. 18.53 ,14/12/2020,154.08,
11/12/2020,Overføring Innland  3726292770 Arne Magne Elstad Vipps ,11/12/2020,,150.00
10/12/2020,Giro  169729 Liv Helene Arntzen  ,11/12/2020,,"1,000.00"
10/12/2020,Varekjøp Meny Bjølsen Moldegata 1 Oslo Dato 10.12 kl. 16.04 ,11/12/2020,105.60,
10/12/2020,Varekjøp Rema Kjelsaas Kjelsåsveien Oslo Dato 10.12 kl. 17.08 ,11/12/2020,178.00,
10/12/2020,Lønn  1791761 Universitetet i Oslo  ,10/12/2020,,"34,181.70"
09/12/2020,Varekjøp Rema Kjelsaas Kjelsåsveien Oslo Dato 09.12 kl. 17.54 ,10/12/2020,379.85,
08/12/2020,Varekjøp Meny Bjølsen Moldegata 1 Oslo Dato 08.12 kl. 12.30 ,08/12/2020,254.00,
08/12/2020,Varekjøp Kiwi 309 Bjølse Bergensgata Oslo Dato 08.12 kl. 12.42 ,08/12/2020,92.20,
07/12/2020,Visa  100121,09/12/2020,140.00,
07/12/2020,Varekjøp Nille 23 Tåsen Kaj Munks v. Oslo Dato 07.12 kl. 17.04 ,08/12/2020,203.80,
07/12/2020,Varekjøp Rema Kjelsaas Kjelsåsveien Oslo Dato 07.12 kl. 17.57 ,08/12/2020,255.65,
07/12/2020,Overføring  3623274199 Tyra Merker Vipps Vipps Vipps,07/12/2020,42.00,
06/12/2020,Visa  100122,08/12/2020,109.00,
05/12/2020,Varekjøp Rema Kjelsaas Kjelsåsveien Oslo Dato 05.12 kl. 14.32 ,07/12/2020,369.20,
04/12/2020,Visa  100022,09/12/2020,9.00,
04/12/2020,Visa  100022,08/12/2020,108.92,
04/12/2020,Varekjøp Rema Kjelsaas Kjelsåsveien Oslo Dato 04.12 kl. 17.54 ,07/12/2020,325.12,
03/12/2020,Visa  100022,07/12/2020,89.00,
03/12/2020,Varekjøp Vinmonopolet Ullevål Stad Oslo Dato 03.12 kl. 13.06 ,03/12/2020,481.90,
03/12/2020,Varekjøp Rema Kjelsaas Kjelsåsveien Oslo Dato 03.12 kl. 14.04 ,03/12/2020,82.10,
02/12/2020,Visa  100022,04/12/2020,109.00,
02/12/2020,Varekjøp Trg Norge AS - Vitaminveien Oslo Dato 02.12 kl. 14.02 ,02/12/2020,20.00,
02/12/2020,Varekjøp 130 Jernia Storo Oslo Dato 02.12 kl. 13.39 ,02/12/2020,231.50,
02/12/2020,Varekjøp Vinmonopolet Storo Oslo Dato 02.12 kl. 13.41 ,02/12/2020,129.90,
02/12/2020,Varekjøp Coop Mega Storo Vitaminveien Oslo Dato 02.12 kl. 13.55 ,02/12/2020,382.30,
02/12/2020,Overføring  3630281594 Gard Løken Frøvoll Vipps Vipps Vipps,02/12/2020,125.00,
01/12/2020,Visa  100022,03/12/2020,649.00,
01/12/2020,Varekjøp Kiwi 309 Bjølse Bergensgata Oslo Dato 01.12 kl. 16.49 ,02/12/2020,85.80,
01/12/2020,Overføring  3450270158 Tyra Merker Vipps Vipps Vipps,01/12/2020,30.00,
30/11/2020,Varekjøp Rema Kjelsaas Kjelsåsveien Oslo Dato 30.11 kl. 21.20 ,01/12/2020,165.10,
28/11/2020,Giro  675 Telia Norge AS Efaktura ,30/11/2020,329.00,
28/11/2020,Giro  676 Telia Norge AS Efaktura ,30/11/2020,348.00,
27/11/2020,Varekjøp Rema Kjelsaas Kjelsåsveien Oslo Dato 27.11 kl. 14.05 ,27/11/2020,330.50,
25/11/2020,Varekjøp Elkjøp Megastor Sognsvn.68-7 Oslo Dato 25.11 kl. 13.20 ,25/11/2020,780.00,
25/11/2020,Varekjøp Rema Kjelsaas Kjelsåsveien Oslo Dato 25.11 kl. 14.23 ,25/11/2020,212.52,
23/11/2020,Varekjøp Rema Kjelsaas Kjelsåsveien Oslo Dato 23.11 kl. 16.16 ,24/11/2020,428.64,
23/11/2020,Overføring Innland  3905273683 Arne Magne Elstad  ,23/11/2020,300.00,
23/11/2020,Overføring  3265259499 Inger Vik Vipps Vipps Vipps,23/11/2020,210.00,
23/11/2020,Giro  670 Redd Barna Avtalegiro ,23/11/2020,275.00,
22/11/2020,Visa  100022,25/11/2020,80.00,
21/11/2020,Varekjøp Rema Kjelsaas Kjelsåsveien Oslo Dato 21.11 kl. 17.45 ,23/11/2020,417.31,
20/11/2020,Varekjøp Rema Kjelsaas Kjelsåsveien Oslo Dato 20.11 kl. 16.28 ,23/11/2020,690.50,
20/11/2020,Varekjøp Spar Tåsen Kaj Munks Ve Oslo Dato 20.11 kl. 15.25 ,23/11/2020,39.80,
20/11/2020,Varekjøp Nille 23 Tåsen Kaj Munks v. Oslo Dato 20.11 kl. 15.18 ,23/11/2020,26.90,
20/11/2020,Giro  673 Framtiden i Våre Hender Avtalegiro Framtiden i Våre Hender,20/11/2020,200.00,
19/11/2020,Visa  100021,23/11/2020,770.00,
19/11/2020,Overføring Innland  3973264776 Arne Magne Elstad Vipps ,19/11/2020,,150.00
18/11/2020,Varekjøp Rema Kjelsaas Kjelsåsveien Oslo Dato 18.11 kl. 14.35 ,18/11/2020,120.41,
18/11/2020,Overføring Innland  669 Jørgen Solberg Fast Oppdrag ,18/11/2020,"11,950.00",
16/11/2020,Varekjøp Rema Kjelsaas Kjelsåsveien Oslo Dato 16.11 kl. 17.40 ,17/11/2020,344.20,
15/11/2020,Visa  100122,17/11/2020,69.00,
15/11/2020,Varekjøp Joker Sandaker Grefsenveien Oslo Dato 15.11 kl. 20.23 ,16/11/2020,65.80,
14/11/2020,Visa  100022,17/11/2020,65.00,
14/11/2020,Varekjøp Rema Kjelsaas Kjelsåsveien Oslo Dato 14.11 kl. 17.53 ,16/11/2020,336.60,
14/11/2020,Varekjøp Coop Prix Kjels Midtoddvn. 2 Oslo Dato 14.11 kl. 19.42 ,16/11/2020,174.80,
13/11/2020,Varekjøp Pp Peppes 0021 Nydalsvn. 36 Oslo Dato 13.11 kl. 20.42 ,16/11/2020,373.00,
12/11/2020,Varekjøp Coop Prix Kjels Midtoddvn. 2 Oslo Dato 12.11 kl. 19.31 ,13/11/2020,269.20,
12/11/2020,Lønn  1819656 Universitetet i Oslo  ,12/11/2020,,"27,649.10"
12/11/2020,Fast Oppdrag  3600 Cecilie Elstad  ,12/11/2020,,500.00
11/11/2020,Varekjøp Rema Kjelsaas Kjelsåsveien Oslo Dato 11.11 kl. 13.15 ,11/11/2020,636.78,
10/11/2020,Visa  100022,12/11/2020,95.00,
10/11/2020,Varekjøp Rema Kjelsaas Kjelsåsveien Oslo Dato 10.11 kl. 18.16 ,11/11/2020,453.43,
09/11/2020,Varekjøp Rema Kjelsaas Kjelsåsveien Oslo Dato 09.11 kl. 17.04 ,10/11/2020,174.90,
07/11/2020,Visa  100222,10/11/2020,49.00,
06/11/2020,Visa  100122,10/11/2020,111.55,
06/11/2020,Visa  100022,10/11/2020,109.00,
04/11/2020,Varekjøp Rema Kjelsaas Kjelsåsveien Oslo Dato 04.11 kl. 16.04 ,05/11/2020,105.10,
04/11/2020,Overføring  3700259084 Gard Løken Frøvoll Vipps Pizza Vipps,04/11/2020,,125.00
04/11/2020,Overføring  3183265340 Amanda Haugnes Rygg Vipps Pizza Time Vipps,04/11/2020,,122.00
03/11/2020,Visa  100021,05/11/2020,486.00,
03/11/2020,Visa  100122,04/11/2020,89.00,
03/11/2020,Varekjøp Coop Prix Midtoddvn 2 Oslo Dato 03.11 kl. 18.11 ,04/11/2020,133.60,
03/11/2020,Overføring Innland  3598257415 Andreas Skulstad Vipps ,03/11/2020,,122.00
02/11/2020,Visa  100022,04/11/2020,109.00,
02/11/2020,Varekjøp Rema Kjelsaas Kjelsåsveien Oslo Dato 02.11 kl. 19.01 ,03/11/2020,368.64,
01/11/2020,Visa  100022,03/11/2020,90.00,
01/11/2020,Varekjøp Joker Frysja Kjelsås Veie Oslo Dato 01.11 kl. 17.01 ,02/11/2020,182.50,
31/10/2020,Varekjøp Coop Prix Midtoddvn 2 Oslo Dato 31.10 kl. 18.14 ,02/11/2020,36.90,
31/10/2020,Varekjøp Rema Kjelsaas Kjelsåsveien Oslo Dato 31.10 kl. 12.30 ,02/11/2020,311.44,
31/10/2020,Varekjøp Coop Prix Midtoddvn 2 Oslo Dato 31.10 kl. 12.47 ,02/11/2020,200.40,
30/10/2020,Varekjøp Coop Prix Midtoddvn 2 Oslo Dato 30.10 kl. 18.08 ,02/11/2020,36.90,
30/10/2020,Overføring Innland  3628255570 Andreas Skulstad  ,30/10/2020,185.00,
30/10/2020,Varekjøp Rema Kjelsaas Kjelsåsveien Oslo Dato 30.10 kl. 14.27 ,30/10/2020,299.68,
29/10/2020,Varekjøp Coop Prix Midtoddvn 2 Oslo Dato 29.10 kl. 19.38 ,30/10/2020,170.00,
29/10/2020,Varekjøp Espresso House Olav Vs Gt 2 Oslo Dato 29.10 kl. 17.14 ,30/10/2020,145.00,
29/10/2020,Varekjøp Platekompaniet Oslo City Oslo Dato 29.10 kl. 18.53 ,30/10/2020,"1,054.02",
29/10/2020,Varekjøp Rema Kjelsaas Kjelsåsveien Oslo Dato 29.10 kl. 11.02 ,29/10/2020,172.10,
29/10/2020,Giro  671 Telia Norge AS Efaktura ,29/10/2020,348.00,
29/10/2020,Giro  672 Telia Norge AS Efaktura ,29/10/2020,343.67,
28/10/2020,Varekjøp Pp Peppes 0021 Nydalsvn. 36 Oslo Dato 28.10 kl. 19.58 ,29/10/2020,373.00,
27/10/2020,Varekjøp Rema Kjelsaas Kjelsåsveien Oslo Dato 27.10 kl. 19.58 ,28/10/2020,381.20,
26/10/2020,Visa  100022,28/10/2020,538.03,
26/10/2020,Varekjøp Politiker`n Youngstorget Oslo Dato 26.10 kl. 17.48 ,27/10/2020,280.00,
26/10/2020,Varekjøp Rema Kjelsaas Kjelsåsveien Oslo Dato 26.10 kl. 18.41 ,27/10/2020,135.00,
26/10/2020,Overføring Innland  3611257595 Muhammad Usman Azhar Vipps ,26/10/2020,,"1,000.00"
25/10/2020,Visa  100221,27/10/2020,196.00,
24/10/2020,Visa  100022,27/10/2020,80.00,
24/10/2020,Visa  100121,27/10/2020,50.00,
23/10/2020,Overføring Innland  3490258857 Arne Magne Elstad  ,23/10/2020,900.00,
23/10/2020,Giro  665 Redd Barna Avtalegiro ,23/10/2020,275.00,
22/10/2020,Visa  100021,26/10/2020,196.00,
22/10/2020,Varekjøp Leon Jernbane Torg 8000 Oslo Dato 22.10 kl. 17.02 ,23/10/2020,157.00,
21/10/2020,Visa  100122,23/10/2020,849.00,
21/10/2020,Varekjøp Rema Kjelsaas Kjelsåsveien Oslo Dato 21.10 kl. 12.09 ,21/10/2020,424.80,
20/10/2020,Varekjøp Rema Kjelsaas Kjelsåsveien Oslo Dato 20.10 kl. 17.49 ,21/10/2020,140.00,
20/10/2020,Giro  668 Framtiden i Våre Hender Avtalegiro Framtiden i Våre Hender,20/10/2020,200.00,
19/10/2020,Visa  100121,21/10/2020,60.00,
19/10/2020,Visa  100021,21/10/2020,42.00,
19/10/2020,Varekjøp Coop Prix Midtoddvn 2 Oslo Dato 19.10 kl. 20.06 ,20/10/2020,107.40,
19/10/2020,Varekjøp Dana Bakeri Nils Henrik Oslo Dato 19.10 kl. 18.30 ,20/10/2020,90.00,
19/10/2020,Overføring Innland  3183255740 Arne Magne Elstad Vipps ,19/10/2020,,150.00
19/10/2020,Varekjøp Sio Athletica d Trimveien 4 Oslo Dato 19.10 kl. 08.03 ,19/10/2020,89.00,
18/10/2020,Varekjøp Pp Peppes 0021 Nydalsvn. 36 Oslo Dato 18.10 kl. 19.52 ,19/10/2020,373.00,
18/10/2020,Overføring Innland  663 Jørgen Solberg Fast Oppdrag ,19/10/2020,"11,950.00",
17/10/2020,Visa  100121,20/10/2020,20.00,
17/10/2020,Varekjøp Vinmonopolet Os Oslo City Oslo Dato 17.10 kl. 15.25 ,19/10/2020,286.80,
17/10/2020,Varekjøp Coop Prix Midtoddvn 2 Oslo Dato 17.10 kl. 16.48 ,19/10/2020,123.32,
17/10/2020,Varekjøp Norli Oslo City Stenersgata Oslo Dato 17.10 kl. 15.46 ,19/10/2020,458.00,
17/10/2020,Varekjøp Beauty Therapy Holbergsgate Oslo Dato 17.10 kl. 11.01 ,19/10/2020,450.00,
17/10/2020,Varekjøp Espresso House Pilestredet Oslo Dato 17.10 kl. 09.41 ,19/10/2020,59.00,
17/10/2020,Varekjøp Kicks 634 Glasm Stortorget 9 Oslo Dato 17.10 kl. 11.21 ,19/10/2020,692.00,
16/10/2020,Visa  100021,20/10/2020,101.76,
16/10/2020,Varekjøp Akademika Oslo Problemvn. 9 Oslo Dato 16.10 kl. 15.29 ,19/10/2020,119.00,
16/10/2020,Varekjøp Coop Prix Midtoddvn 2 Oslo Dato 16.10 kl. 16.24 ,19/10/2020,475.50,
16/10/2020,Varekjøp Kan Frisør Blin Ruseløkkv.26 Oslo Dato 16.10 kl. 15.46 ,19/10/2020,350.00,
15/10/2020,Visa  100122,19/10/2020,69.00,
15/10/2020,Visa  100021,19/10/2020,25.00,
15/10/2020,Varekjøp Akademika Nydal Sognsveien 2 Oslo Dato 15.10 kl. 16.27 ,16/10/2020,676.50,
15/10/2020,Varekjøp Eurest 3363 Bi Nydalsveien Oslo Dato 15.10 kl. 16.51 ,16/10/2020,63.00,
15/10/2020,Varekjøp Rema Kjelsaas Kjelsåsveien Oslo Dato 15.10 kl. 18.27 ,16/10/2020,103.10,
15/10/2020,Varekjøp Bunnpris Blinde Problemveien Oslo Dato 15.10 kl. 12.15 ,15/10/2020,72.84,
14/10/2020,Visa  100022,16/10/2020,"2,914.00",
14/10/2020,Visa  100221,16/10/2020,100.41,
14/10/2020,Visa  100121,16/10/2020,770.00,
14/10/2020,Varekjøp Coop Prix Midtoddvn 2 Oslo Dato 14.10 kl. 19.49 ,15/10/2020,28.90,
14/10/2020,Varekjøp Dana Bakeri Nils Henrik Oslo Dato 14.10 kl. 18.18 ,15/10/2020,90.00,
14/10/2020,Lønn  1744925 Universitetet i Oslo  ,14/10/2020,,"27,633.10"
13/10/2020,Varekjøp Eurest 3363 Bi Nydalsveien Oslo Dato 13.10 kl. 16.09 ,14/10/2020,134.00,
13/10/2020,Varekjøp Rema Kjelsaas Kjelsåsveien Oslo Dato 13.10 kl. 19.44 ,14/10/2020,70.90,
12/10/2020,Varekjøp Rema Kjelsaas Kjelsåsveien Oslo Dato 12.10 kl. 17.50 ,13/10/2020,188.90,
12/10/2020,Varekjøp Eurest 3363 Bi Nydalsveien Oslo Dato 12.10 kl. 15.57 ,13/10/2020,63.00,
12/10/2020,Varekjøp Intersport Vitaminveien Oslo Dato 12.10 kl. 17.00 ,13/10/2020,"1,148.50",
12/10/2020,Fast Oppdrag  3596 Cecilie Elstad  ,12/10/2020,,500.00
12/10/2020,Overføring Innland  3337243920 Arne Magne Elstad  ,12/10/2020,"4,000.00",
11/10/2020,Visa  100121,13/10/2020,600.00,
10/10/2020,Visa  100022,13/10/2020,95.00,
09/10/2020,Varekjøp Rema Kjelsaas Kjelsåsveien Oslo Dato 09.10 kl. 14.06 ,09/10/2020,470.60,
08/10/2020,Visa  100022,23/10/2020,112.05,
08/10/2020,Varekjøp Rema Kjelsaas Kjelsåsveien Oslo Dato 08.10 kl. 19.03 ,09/10/2020,97.80,
08/10/2020,Varekjøp Eurest 3363 Bi Nydalsveien Oslo Dato 08.10 kl. 16.52 ,09/10/2020,63.00,
07/10/2020,Visa  100222,09/10/2020,503.00,
07/10/2020,Visa  100022,09/10/2020,"1,523.11",
07/10/2020,Visa  100121,09/10/2020,103.25,
07/10/2020,Varekjøp Coop Prix Midtoddvn 2 Oslo Dato 07.10 kl. 19.40 ,08/10/2020,79.80,
06/10/2020,Visa  100022,08/10/2020,109.00,
06/10/2020,Varekjøp Rema Kjelsaas Kjelsåsveien Oslo Dato 06.10 kl. 17.17 ,07/10/2020,95.85,
05/10/2020,Visa  100122,07/10/2020,205.35,
05/10/2020,Visa  100022,07/10/2020,218.59,
05/10/2020,Varekjøp Rema Kjelsaas Kjelsåsveien Oslo Dato 05.10 kl. 18.10 ,06/10/2020,145.81,
05/10/2020,Varekjøp Big Bite Avd 52 Big Bite Avd Oslo Dato 05.10 kl. 17.08 ,06/10/2020,121.00,
05/10/2020,Overføring  3696239892 Amanda Haugnes Rygg Vipps Vipps Vipps,05/10/2020,125.00,
03/10/2020,Visa  100122,06/10/2020,89.00,
03/10/2020,Varekjøp Coop Mega Storo Vitaminveien Oslo Dato 03.10 kl. 11.01 ,05/10/2020,487.10,
03/10/2020,Varekjøp Vinmonopolet Storo Oslo Dato 03.10 kl. 11.06 ,05/10/2020,421.90,
03/10/2020,Varekjøp Elkjøp Storo Vitaminvn 7/ Oslo Dato 03.10 kl. 11.15 ,05/10/2020,248.10,
03/10/2020,Varekjøp Baker Hansen Av Vitaminveien Oslo Dato 03.10 kl. 11.20 ,05/10/2020,156.00,
02/10/2020,Visa  100022,06/10/2020,109.00,
02/10/2020,Varekjøp Coop Prix Midtoddvn 2 Oslo Dato 02.10 kl. 17.53 ,05/10/2020,86.80,
01/10/2020,Visa  100022,05/10/2020,90.00,
01/10/2020,Varekjøp Rema Kjelsaas Kjelsåsveien Oslo Dato 01.10 kl. 15.11 ,02/10/2020,348.80,
30/09/2020,Visa  100021,02/10/2020,10.00,
30/09/2020,Varekjøp Rema Kjelsaas Kjelsåsveien Oslo Dato 30.09 kl. 18.39 ,01/10/2020,69.00,
29/09/2020,Giro  667 Telia Norge AS Efaktura ,29/09/2020,348.00,
29/09/2020,Giro  666 Telia Norge AS Efaktura ,29/09/2020,299.00,
28/09/2020,Varekjøp Rema Kjelsaas Kjelsåsveien Oslo Dato 28.09 kl. 09.22 ,28/09/2020,301.11,
27/09/2020,Visa  100022,29/09/2020,299.00,
26/09/2020,Varekjøp Tilbords Storo Vitaminveien Oslo Dato 26.09 kl. 13.49 ,28/09/2020,249.00,
26/09/2020,Varekjøp Coop Mega Storo Vitaminveien Oslo Dato 26.09 kl. 13.31 ,28/09/2020,609.69,
26/09/2020,Varekjøp Coop Prix Midtoddvn 2 Oslo Dato 26.09 kl. 14.49 ,28/09/2020,156.70,
26/09/2020,Varekjøp Norli Storo Sto Vitaminveien Oslo Dato 26.09 kl. 13.10 ,28/09/2020,"1,067.00",
26/09/2020,Varekjøp Ark Storo Oslo Vitaminveien Oslo Dato 26.09 kl. 12.50 ,28/09/2020,"1,076.00",
25/09/2020,Varekjøp Rema Kjelsaas Kjelsåsveien Oslo Dato 25.09 kl. 16.15 ,28/09/2020,462.14,
24/09/2020,Varekjøp Rema Kjelsaas Kjelsåsveien Oslo Dato 24.09 kl. 16.40 ,25/09/2020,391.08,
23/09/2020,Visa  100022,25/09/2020,80.00,
23/09/2020,Visa  100121,25/09/2020,373.00,
23/09/2020,Giro  658 Redd Barna Avtalegiro ,23/09/2020,275.00,
22/09/2020,Visa  100021,24/09/2020,106.37,
22/09/2020,Varekjøp Spar Tåsen Kaj Munks Ve Oslo Dato 22.09 kl. 16.55 ,23/09/2020,95.70,
22/09/2020,Varekjøp Akademika Oslo Problemvn. 9 Oslo Dato 22.09 kl. 16.01 ,23/09/2020,859.00,
21/09/2020,Varekjøp Coop Mega Nydalsvn. 33 Oslo Dato 21.09 kl. 15.19 ,22/09/2020,185.30,
21/09/2020,Varekjøp Eurest 3363 Bi Nydalsveien Oslo Dato 21.09 kl. 15.39 ,22/09/2020,57.00,
21/09/2020,Overføring Innland  3502236230 Arne Magne Elstad Vipps ,21/09/2020,,150.00
21/09/2020,Varekjøp Rema Kjelsaas Kjelsåsveien Oslo Dato 21.09 kl. 14.13 ,21/09/2020,156.50,
21/09/2020,Overføring  3655228082 Linda Marie Elstad Johansen Vipps Vipps Vipps,21/09/2020,178.00,
20/09/2020,Giro  661 Framtiden i Våre Hender Avtalegiro Framtiden i Våre Hender,21/09/2020,200.00,
19/09/2020,Varekjøp Vinmonopolet Storo Oslo Dato 19.09 kl. 12.19 ,21/09/2020,581.80,
19/09/2020,Varekjøp Coop Mega Storo Vitaminveien Oslo Dato 19.09 kl. 12.12 ,21/09/2020,"1,041.60",
18/09/2020,Varekjøp Rema Kjelsaas Kjelsåsveien Oslo Dato 18.09 kl. 14.42 ,18/09/2020,761.83,
18/09/2020,Overføring Innland  662 Jørgen Solberg Fast Oppdrag ,18/09/2020,"11,950.00",
17/09/2020,Visa  100021,21/09/2020,73.00,
17/09/2020,Varekjøp Big Bite Avd 52 Big Bite Avd Oslo Dato 17.09 kl. 16.15 ,18/09/2020,74.00,
17/09/2020,Lønn  1580178 Stiftelsen Handelshøyskolen Bi  ,17/09/2020,,"3,600.00"
16/09/2020,Visa  100021,18/09/2020,96.54,
16/09/2020,Varekjøp Nydalen Sushi Nydalen Alle Oslo Dato 16.09 kl. 19.22 ,17/09/2020,159.00,
15/09/2020,Visa  100022,17/09/2020,69.00,
15/09/2020,Varekjøp Coop Prix Midtoddvn 2 Oslo Dato 15.09 kl. 18.58 ,16/09/2020,68.04,
14/09/2020,Varekjøp Rema Kjelsaas Kjelsåsveien Oslo Dato 14.09 kl. 13.09 ,14/09/2020,358.90,
14/09/2020,Lønn  1745181 Universitetet i Oslo  ,14/09/2020,,"27,633.10"
12/09/2020,Varekjøp Politiker`n Youngstorget Oslo Dato 12.09 kl. 21.18 ,14/09/2020,360.00,
12/09/2020,Varekjøp Pp Peppes 0021 Nydalsvn. 36 Oslo Dato 12.09 kl. 16.45 ,14/09/2020,347.00,
12/09/2020,Fast Oppdrag  3588 Cecilie Elstad  ,14/09/2020,,500.00
11/09/2020,Visa  100021,15/09/2020,116.36,
11/09/2020,Varekjøp Coop Mega Storo Vitaminveien Oslo Dato 11.09 kl. 17.46 ,14/09/2020,808.20,
11/09/2020,Varekjøp Bit Storo Vitaminveien Oslo Dato 11.09 kl. 16.45 ,14/09/2020,48.00,
11/09/2020,Varekjøp Clas Ohl 2852 Vitaminveien Oslo Dato 11.09 kl. 17.02 ,14/09/2020,59.90,
11/09/2020,Varekjøp Btq Storo Vitaminveien Oslo Dato 11.09 kl. 16.49 ,14/09/2020,47.90,
11/09/2020,Varekjøp Vinmonopolet Ullevål Stad Oslo Dato 11.09 kl. 15.54 ,14/09/2020,161.90,
10/09/2020,Visa  100021,14/09/2020,230.00,
09/09/2020,Visa  100021,11/09/2020,102.81,
09/09/2020,Varekjøp Rema Kjelsaas Kjelsåsveien Oslo Dato 09.09 kl. 20.14 ,10/09/2020,171.10,
09/09/2020,Overføring Innland  3310018 Fagutvalget Ved Økonomisk Inst  ,09/09/2020,,"7,000.00"
08/09/2020,Visa  100021,10/09/2020,71.37,
08/09/2020,Varekjøp Rema Kjelsaas Kjelsåsveien Oslo Dato 08.09 kl. 18.59 ,09/09/2020,713.88,
07/09/2020,Visa  100021,09/09/2020,18.00,
07/09/2020,Varekjøp Coop Prix Midtoddvn 2 Oslo Dato 07.09 kl. 19.26 ,08/09/2020,61.20,
07/09/2020,Varekjøp Ikea Slependen Nesbruvn. 40 Billin Dato 07.09 kl. 18.15 ,08/09/2020,"2,253.00",
07/09/2020,Varekjøp Kiwi 586 Trikke Vestgrensa 2 Oslo Dato 07.09 kl. 09.11 ,07/09/2020,96.30,
06/09/2020,Visa  100122,08/09/2020,109.00,
06/09/2020,Varekjøp New Delhi AS Tjuvholmen a Oslo Dato 06.09 kl. 19.55 ,07/09/2020,530.00,
05/09/2020,Varekjøp Coop Mega Storo Vitaminveien Oslo Dato 05.09 kl. 14.18 ,07/09/2020,357.20,
05/09/2020,Varekjøp Kitchn Storo Vitaminvn. 7 Oslo Dato 05.09 kl. 13.55 ,07/09/2020,498.00,
05/09/2020,Varekjøp Elkjøp Storo Vitaminvn 7/ Oslo Dato 05.09 kl. 13.48 ,07/09/2020,748.00,
05/09/2020,Varekjøp Ark Storo Oslo Vitaminveien Oslo Dato 05.09 kl. 14.04 ,07/09/2020,299.00,
04/09/2020,Visa  100021,08/09/2020,770.00,
04/09/2020,Varekjøp Coop Prix Midtoddvn 2 Oslo Dato 04.09 kl. 19.28 ,07/09/2020,237.60,
04/09/2020,Varekjøp Vinmonopolet Storo Oslo Dato 04.09 kl. 15.08 ,07/09/2020,124.90,
04/09/2020,Varekjøp Princecc Interi Vitaminvn Oslo Dato 04.09 kl. 14.58 ,04/09/2020,399.50,
04/09/2020,Varekjøp Elkjøp Storo Vitaminvn 7/ Oslo Dato 04.09 kl. 14.53 ,04/09/2020,158.00,
04/09/2020,Varekjøp Elkjøp Storo Vitaminvn 7/ Oslo Dato 04.09 kl. 14.51 ,04/09/2020,"2,128.00",
04/09/2020,Varekjøp Elkjøp Storo Vitaminvn 7/ Oslo Dato 04.09 kl. 14.50 ,04/09/2020,690.00,
04/09/2020,Varekjøp Kitchn Storo Vitaminvn. 7 Oslo Dato 04.09 kl. 14.44 ,04/09/2020,"2,419.00",
04/09/2020,Kontoregulering  277 Mobil Overføring  ,04/09/2020,,"7,000.00"
03/09/2020,Visa  100422,07/09/2020,107.99,
03/09/2020,Visa  100321,07/09/2020,71.22,
03/09/2020,Visa  100221,07/09/2020,10.00,
03/09/2020,Visa  100222,04/09/2020,89.00,
03/09/2020,Varekjøp Rema Kjelsaas Kjelsåsveien Oslo Dato 03.09 kl. 19.24 ,04/09/2020,246.00,
03/09/2020,Overføring Innland  3750220896 Arne Magne Elstad Vipps ,03/09/2020,,300.00
03/09/2020,Varekjøp Ullevål Hageby Niels Henrik Oslo Dato 03.09 kl. 13.53 ,03/09/2020,399.90,
03/09/2020,Varekjøp Kiwi 586 Trikke Vestgrensa 2 Oslo Dato 03.09 kl. 14.01 ,03/09/2020,221.10,
03/09/2020,Overføring  3118227416 Liv Helene Arntzen Vipps Tusen Takk For Hjelpen Vipps,03/09/2020,"1,000.00",
02/09/2020,Visa  100121,07/09/2020,5.00,
02/09/2020,Visa  100021,07/09/2020,36.00,
02/09/2020,Visa  100022,04/09/2020,109.00,
02/09/2020,Visa  100121,04/09/2020,80.05,
02/09/2020,Varekjøp Coop Prix Midtoddvn 2 Oslo Dato 02.09 kl. 21.50 ,03/09/2020,208.20,
01/09/2020,Visa  100022,03/09/2020,90.00,
01/09/2020,Ubetjent Varekjøp Shell Greaker Hvittingfoss Holmestr Dato 01.09 kl. 12.35 ,01/09/2020,639.54,
01/09/2020,Giro  655 Sio Athletica Avtalegiro Sio Athletica,01/09/2020,175.00,
31/08/2020,Visa  100021,02/09/2020,149.00,
31/08/2020,Varekjøp Ikea Furuset Strømsvn 303 Oslo Dato 31.08 kl. 16.40 ,01/09/2020,174.00,
31/08/2020,Varekjøp Elkjøp Storo Vitaminvn 7/ Oslo Dato 31.08 kl. 15.39 ,01/09/2020,790.00,
31/08/2020,Overføring Innland  3593 Cecilie Elstad  ,31/08/2020,,600.00
30/08/2020,Visa  100021,01/09/2020,"17,917.00",
28/08/2020,Giro  660 Telia Norge AS Efaktura ,28/08/2020,300.00,
28/08/2020,Giro  659 Telia Norge AS Efaktura ,28/08/2020,348.00,
28/08/2020,Kontoregulering  276 Mobil Overføring  ,28/08/2020,,"24,000.00"
25/08/2020,Varekjøp Hairport Råholt Trondheimsve Råholt Dato 25.08 kl. 11.55 ,25/08/2020,550.00,
24/08/2020,Visa  100022,26/08/2020,80.00,
23/08/2020,Ubetjent Varekjøp Shell Skedsmovo E6 Nordgåend Skedsm Dato 23.08 kl. 17.24 ,24/08/2020,372.11,
23/08/2020,Giro  653 Redd Barna Avtalegiro ,24/08/2020,275.00,
21/08/2020,Varekjøp Extra Gurannvn 1 Holmestrand Dato 21.08 kl. 20.32 ,24/08/2020,42.50,
21/08/2020,Overføring Innland  3762217805 Arne Magne Elstad  ,21/08/2020,"1,947.00",
21/08/2020,Overføring  3795214600 Per Erik Johansen Vipps Vipps ,21/08/2020,,500.00
20/08/2020,Varekjøp Kiwi 414 Kleivb Hvittingfoss Holmes Dato 20.08 kl. 20.57 ,21/08/2020,521.56,
20/08/2020,Varekjøp Rema Toppen Hvittingfoss Holmestran Dato 20.08 kl. 17.58 ,21/08/2020,99.00,
20/08/2020,Overføring  3042211510 Liv Helene Arntzen Vipps Vipps ,20/08/2020,59.00,
20/08/2020,Giro  649 Framtiden i Våre Hender Avtalegiro Framtiden i Våre Hender,20/08/2020,200.00,
19/08/2020,Overføring Innland  657 Jørgen Solberg Mobil Betaling ,20/08/2020,"11,950.00",
19/08/2020,Varekjøp Extra Gurannvn 1 Holmestrand Dato 19.08 kl. 14.36 ,19/08/2020,195.70,
19/08/2020,Lønn  560443 Stiftelsen Handelshøyskolen Bi  ,19/08/2020,,"11,880.00"
19/08/2020,Overføring Innland  3609211018 Arne Magne Elstad Vipps ,19/08/2020,,150.00
18/08/2020,Visa  100021,21/08/2020,60.00,
18/08/2020,Visa  100021,20/08/2020,28.00,
18/08/2020,Varekjøp Extra Gurannvn 1 Holmestrand Dato 18.08 kl. 18.56 ,19/08/2020,355.28,
18/08/2020,Varekjøp Dana Bakeri Nils Henrik Oslo Dato 18.08 kl. 12.36 ,18/08/2020,100.00,
17/08/2020,Visa  100022,19/08/2020,45.00,
15/08/2020,Visa  100321,18/08/2020,75.00,
14/08/2020,Visa  100221,18/08/2020,14.00,
13/08/2020,Visa  100121,18/08/2020,10.00,
13/08/2020,Visa  100021,17/08/2020,83.00,
13/08/2020,Varekjøp Elkjøp Megastor Sognsvn.68-7 Oslo Dato 13.08 kl. 17.28 ,14/08/2020,708.00,
13/08/2020,Overføring Innland  654 Mobil Betaling  ,14/08/2020,"34,500.00",
13/08/2020,Lønn  1759304 Universitetet i Oslo  ,13/08/2020,,"19,640.40"
12/08/2020,Visa  100021,18/08/2020,60.00,
12/08/2020,Visa  100021,14/08/2020,109.80,
12/08/2020,Varekjøp Akademika Oslo Problemvn. 9 Oslo Dato 12.08 kl. 10.46 ,12/08/2020,607.00,
12/08/2020,Fast Oppdrag  3583 Cecilie Elstad  ,12/08/2020,,500.00
11/08/2020,Visa  100021,13/08/2020,99.67,
11/08/2020,Ubetjent Varekjøp Shell Skedsmovo E6 Nordgåend Skedsm Dato 11.08 kl. 16.56 ,12/08/2020,457.63,
10/08/2020,Visa  100221,12/08/2020,98.00,
10/08/2020,Visa  100121,12/08/2020,28.00,
10/08/2020,Visa  100021,12/08/2020,88.79,
10/08/2020,Varekjøp Akademika Oslo Problemvn. 9 Oslo Dato 10.08 kl. 09.41 ,10/08/2020,928.50,
10/08/2020,Overføring Innland  3775213473 Fredrik Bentzen  ,10/08/2020,"4,300.00",
08/08/2020,Varekjøp Rema Nannestad Ekervegen - Nannes Dato 08.08 kl. 16.41 ,10/08/2020,165.90,
07/08/2020,Visa  100122,11/08/2020,108.99,
07/08/2020,Overføring  3831209102 Liv Helene Arntzen Vipps Tusen Takk For Kjøring -d ,07/08/2020,500.00,
06/08/2020,Visa  100022,10/08/2020,109.00,
06/08/2020,Varekjøp 593 Europris Na Ekerveien 5 Nannes Dato 06.08 kl. 11.21 ,06/08/2020,91.80,
05/08/2020,Visa  100121,07/08/2020,469.00,
03/08/2020,Visa  100021,05/08/2020,499.00,
03/08/2020,Visa  100522,04/08/2020,89.00,
03/08/2020,Overføring Innland  3384205372 Tabassum Aslam  ,03/08/2020,200.00,
02/08/2020,Visa  100021,07/08/2020,179.00,
02/08/2020,Visa  100422,04/08/2020,109.00,
02/08/2020,Varekjøp Circle k Bølerveien Frogner Dato 02.08 kl. 09.32 ,03/08/2020,199.00,
02/08/2020,Ubetjent Varekjøp Shell Skedsmovo E6 Nordgåend Skedsm Dato 02.08 kl. 09.23 ,03/08/2020,428.49,
01/08/2020,Visa  100021,11/08/2020,5.00,
01/08/2020,Visa  100122,04/08/2020,90.00,
01/08/2020,Visa  100321,04/08/2020,37.00,
01/08/2020,Visa  100221,04/08/2020,770.00,
01/08/2020,Visa  100031,04/08/2020,,"5,978.00"
01/08/2020,Varekjøp 26243 Domino's Metro Lørenskog Dato 01.08 kl. 18.45 ,03/08/2020,192.00,
01/08/2020,Varekjøp Ark Storo Oslo Vitaminveien Oslo Dato 01.08 kl. 12.50 ,03/08/2020,368.01,
01/08/2020,Varekjøp Storo Storsent. Vitaminveien Oslo Dato 01.08 kl. 13.23 ,03/08/2020,30.00,
01/08/2020,Varekjøp Rema Kjelsaas Kjelsåsveien Oslo Dato 01.08 kl. 11.35 ,03/08/2020,89.50,
01/08/2020,Giro  648 Sio Athletica Avtalegiro Sio Athletica,03/08/2020,175.00,
30/07/2020,Visa  100031,03/08/2020,,799.00
30/07/2020,Varekjøp Rema Nannestad Ekervegen - Nannes Dato 30.07 kl. 19.08 ,31/07/2020,146.86,
29/07/2020,Visa  100021,31/07/2020,"6,976.00",
29/07/2020,Kontoregulering  272 Mobil Overføring  ,29/07/2020,,"34,000.00"
29/07/2020,Giro  651 Telia Norge AS Efaktura ,29/07/2020,348.00,
29/07/2020,Giro  652 Telia Norge AS Efaktura ,29/07/2020,300.00,
28/07/2020,Varekjøp Slotts Pizza Ekervegen 5b Nannestad Dato 28.07 kl. 20.28 ,29/07/2020,99.00,
28/07/2020,Varekjøp Elkjøp Jessheim Jacobsgt.2 Jessheim Dato 28.07 kl. 11.12 ,28/07/2020,"8,882.00",
28/07/2020,Giro  647 Framtiden i Våre Hender Avtalegiro Framtiden i Våre Hender,28/07/2020,200.00,
27/07/2020,Varekjøp Elkjøp Jessheim Jacobsgt.2 Jessheim Dato 27.07 kl. 12.40 ,27/07/2020,448.00,
26/07/2020,Visa  100321,28/07/2020,89.00,
25/07/2020,Visa  100222,28/07/2020,95.00,
25/07/2020,Visa  100122,28/07/2020,248.19,
25/07/2020,Visa  100022,28/07/2020,185.86,
23/07/2020,Ubetjent Varekjøp Shell Skedsmovo E6 Nordgåend Skedsm Dato 23.07 kl. 17.41 ,24/07/2020,447.83,
23/07/2020,Giro  646 Redd Barna Avtalegiro ,23/07/2020,275.00,
22/07/2020,Visa  100121,24/07/2020,140.00,
22/07/2020,Visa  100021,24/07/2020,32.51,
22/07/2020,Overføring  3180190795 Mathias Meyer Vipps Vipps ,22/07/2020,,260.00
22/07/2020,Overføring Innland  3488195792 Arne Magne Elstad  ,22/07/2020,330.00,
21/07/2020,Visa  100022,23/07/2020,119.00,
21/07/2020,Varekjøp Rema Toppen Hvittingfoss Holmestran Dato 21.07 kl. 21.05 ,22/07/2020,140.00,
21/07/2020,Varekjøp Sanjay's AS Lunden 38 Oslo Dato 21.07 kl. 16.36 ,22/07/2020,600.00,
19/07/2020,Visa  100222,21/07/2020,45.00,
19/07/2020,Visa  100122,21/07/2020,45.00,
18/07/2020,Visa  100021,21/07/2020,468.00,
17/07/2020,Varekjøp Revetal Kroa AS Gamleveien 2 Reveta Dato 17.07 kl. 19.33 ,20/07/2020,555.00,
17/07/2020,Varekjøp Kiwi 414 Kleivb Hvittingfoss Holmes Dato 17.07 kl. 19.58 ,20/07/2020,167.40,
17/07/2020,Overføring Innland  3366195987 Arne Magne Elstad Vipps ,17/07/2020,,150.00
15/07/2020,Varekjøp Rema Nannestad Ekervegen - Nannes Dato 15.07 kl. 19.49 ,16/07/2020,48.80,
15/07/2020,Lønn  66760001221 Norges Bank  ,15/07/2020,,"9,082.71"
13/07/2020,Visa  100022,15/07/2020,15.00,
12/07/2020,Fast Oppdrag  3577 Cecilie Elstad  ,13/07/2020,,500.00
11/07/2020,Visa  100322,14/07/2020,10.97,
10/07/2020,Visa  100022,14/07/2020,129.00,
10/07/2020,Visa  100221,14/07/2020,47.00,
10/07/2020,Visa  100121,14/07/2020,100.00,
10/07/2020,Varekjøp Ark Storo Oslo Vitaminveien Oslo Dato 10.07 kl. 18.37 ,13/07/2020,905.91,
10/07/2020,Varekjøp Meny Bjølsen Moldegata 1 Oslo Dato 10.07 kl. 19.35 ,13/07/2020,138.77,
10/07/2020,Ubetjent Varekjøp Circle k Grella Nye E-18 Holmestran Dato 10.07 kl. 17.00 ,13/07/2020,461.01,
10/07/2020,Varekjøp Mester Grønn 10 Gjellebekkst Liersk Dato 10.07 kl. 19.29 ,13/07/2020,161.60,
10/07/2020,Varekjøp Baker Hansen Av Vitaminveien Oslo Dato 10.07 kl. 18.47 ,13/07/2020,35.00,
10/07/2020,Varekjøp Shell Greaker Hvittingfoss Holmestr Dato 10.07 kl. 12.58 ,10/07/2020,73.00,
10/07/2020,Kontoregulering  268 Mobil Overføring  ,10/07/2020,,"10,000.00"
08/07/2020,Visa  100022,10/07/2020,503.00,
08/07/2020,Varekjøp Meny Holmestran Hvittingfoss Holmes Dato 08.07 kl. 19.45 ,09/07/2020,169.90,
08/07/2020,Lønn  1003139 Stiftelsen Handelshøyskolen Bi  ,08/07/2020,,"3,119.00"
06/07/2020,Visa  100122,08/07/2020,109.00,
06/07/2020,Varekjøp Rema Holmestran Vålevn 1 Holmestran Dato 06.07 kl. 14.59 ,06/07/2020,544.76,
05/07/2020,Visa  100022,07/07/2020,269.00,
04/07/2020,Varekjøp Revetal Jernvar Revetalgata Reveta Dato 04.07 kl. 12.12 ,06/07/2020,"1,148.00",
03/07/2020,Visa  100022,08/07/2020,179.00,
03/07/2020,Varekjøp Meny Holmestran Hvittingfoss Holmes Dato 03.07 kl. 18.10 ,06/07/2020,161.50,
03/07/2020,Visa  100522,06/07/2020,89.00,
03/07/2020,Giro  642 Sio Athletica Avtalegiro Sio Athletica,03/07/2020,175.00,
02/07/2020,Visa  100422,06/07/2020,39.00,
02/07/2020,Visa  100322,06/07/2020,109.00,
01/07/2020,Visa  100222,06/07/2020,90.00,
01/07/2020,Visa  100121,06/07/2020,147.00,
01/07/2020,Visa  100021,06/07/2020,147.00,
01/07/2020,Varekjøp Outland AS Kirkegata 23 Oslo Dato 01.07 kl. 15.51 ,02/07/2020,300.00,
01/07/2020,Varekjøp Egon Karl Johan Karl Johansg Oslo Dato 01.07 kl. 14.44 ,01/07/2020,350.00,
30/06/2020,Varekjøp Extra Gurannvn 1 Holmestrand Dato 30.06 kl. 11.53 ,30/06/2020,786.34,
29/06/2020,Varekjøp Meny Holmestran Hvittingfoss Holmes Dato 29.06 kl. 15.21 ,30/06/2020,133.90,
29/06/2020,Varekjøp Holmestrand Fas Hvittingfoss Holmes Dato 29.06 kl. 17.09 ,30/06/2020,265.00,
28/06/2020,Visa  100622,30/06/2020,139.00,
28/06/2020,Giro  644 Telia Norge AS Efaktura ,29/06/2020,438.00,
28/06/2020,Giro  645 Telia Norge AS Efaktura ,29/06/2020,348.00,
27/06/2020,Visa  100522,30/06/2020,65.00,
27/06/2020,Visa  100421,30/06/2020,78.20,
27/06/2020,Varekjøp Meny Holmestran Hvittingfoss Holmes Dato 27.06 kl. 12.37 ,29/06/2020,258.60,
26/06/2020,Visa  100021,01/07/2020,110.00,
26/06/2020,Visa  100322,30/06/2020,"1,493.10",
26/06/2020,Visa  100222,30/06/2020,281.93,
26/06/2020,Visa  100121,30/06/2020,18.00,
26/06/2020,Visa  100021,30/06/2020,89.00,
26/06/2020,Varekjøp Holmestrand Fas Hvittingfoss Holmes Dato 26.06 kl. 19.30 ,29/06/2020,245.00,
26/06/2020,Varekjøp Kappahl 289 Tøn Farmandst Tønsberg Dato 26.06 kl. 10.31 ,26/06/2020,999.00,
26/06/2020,Varekjøp Ark Farmandstre Farmanstrede Tønsbe Dato 26.06 kl. 10.19 ,26/06/2020,199.00,
26/06/2020,Varekjøp Sunkost Farmand Jernbanegate Tønsbe Dato 26.06 kl. 10.36 ,26/06/2020,99.00,
25/06/2020,Visa  100022,29/06/2020,95.00,
24/06/2020,Visa  100222,26/06/2020,16.00,
24/06/2020,Visa  100121,26/06/2020,60.00,
24/06/2020,Kontoregulering  643 Overføring Mellom Egne Konti  ,25/06/2020,"30,000.00",
24/06/2020,Varekjøp Meny Holmestran Hvittingfoss Holmes Dato 24.06 kl. 14.08 ,24/06/2020,315.20,
23/06/2020,Visa  100022,25/06/2020,39.00,
23/06/2020,Overføring  3824181697 Arne Magne Elstad Vipps Vipps ,24/06/2020,360.00,
23/06/2020,Varekjøp Rema Toppen Hvittingfoss Holmestran Dato 23.06 kl. 17.02 ,24/06/2020,27.90,
23/06/2020,Overføring Innland  3930178967 Arne Magne Elstad Vipps ,23/06/2020,,150.00
23/06/2020,Giro  636 Redd Barna Avtalegiro ,23/06/2020,275.00,
22/06/2020,Visa  100021,26/06/2020,1.00,
22/06/2020,Varekjøp Nye China House Dr Graaruds Holmes Dato 22.06 kl. 17.49 ,23/06/2020,280.00,
22/06/2020,Varekjøp Meny Holmestran Hvittingfoss Holmes Dato 22.06 kl. 17.07 ,23/06/2020,564.49,
21/06/2020,Visa  100322,23/06/2020,69.00,
20/06/2020,Visa  100222,23/06/2020,8.00,
20/06/2020,Visa  100122,23/06/2020,12.00,
19/06/2020,Visa  100021,23/06/2020,24.00,
19/06/2020,Varekjøp Meny Holmestran Hvittingfoss Holmes Dato 19.06 kl. 17.25 ,22/06/2020,527.50,
19/06/2020,Varekjøp Akademika Oslo Problemvn. 9 Oslo Dato 19.06 kl. 14.06 ,19/06/2020,"1,230.00",
19/06/2020,Varekjøp Q-park Bankplas Bankplassen Oslo Dato 19.06 kl. 13.02 ,19/06/2020,300.00,
19/06/2020,Varekjøp Ark Byporten . Oslo Dato 19.06 kl. 12.23 ,19/06/2020,199.00,
19/06/2020,Varekjøp Vitusapotek Stenersgt. 1 Oslo Dato 19.06 kl. 12.43 ,19/06/2020,49.00,
19/06/2020,Varekjøp Norli Byporten Jernbanetorg Oslo Dato 19.06 kl. 12.18 ,19/06/2020,759.00,
18/06/2020,Visa  100222,22/06/2020,45.00,
18/06/2020,Visa  100122,22/06/2020,45.00,
18/06/2020,Visa  100022,22/06/2020,45.00,
18/06/2020,Overføring Innland  66761107725 Studentsamskipnaden Sio  ,18/06/2020,,"15,974.00"
17/06/2020,Varekjøp Q-park Bankplas Bankplassen Oslo Dato 17.06 kl. 17.21 ,18/06/2020,550.00,
17/06/2020,Ubetjent Varekjøp Shell Skedsmovo E6 Nordgåend Skedsm Dato 17.06 kl. 17.55 ,18/06/2020,478.04,
17/06/2020,Varekjøp Kantine Norges Revierstrede Oslo Dato 17.06 kl. 11.37 ,17/06/2020,74.86,
17/06/2020,Varekjøp Kantine Norges Revierstrede Oslo Dato 17.06 kl. 08.16 ,17/06/2020,33.00,
16/06/2020,Varekjøp Q-park Bankplas Bankplassen Oslo Dato 16.06 kl. 18.32 ,17/06/2020,550.00,
16/06/2020,Varekjøp Kantine Norges Revierstrede Oslo Dato 16.06 kl. 11.26 ,16/06/2020,93.44,
16/06/2020,Varekjøp Kantine Norges Revierstrede Oslo Dato 16.06 kl. 08.07 ,16/06/2020,33.00,
15/06/2020,Lønn  66760001210 Norges Bank  ,17/06/2020,,"26,768.93"
15/06/2020,Visa  100422,16/06/2020,119.00,
14/06/2020,Visa  100322,16/06/2020,45.00,
13/06/2020,Visa  100221,16/06/2020,75.00,
13/06/2020,Visa  100121,16/06/2020,192.05,
12/06/2020,Visa  100021,17/06/2020,50.00,
12/06/2020,Visa  100021,16/06/2020,128.00,
12/06/2020,Varekjøp Coop Mega w Thranesgt. Oslo Dato 12.06 kl. 17.17 ,15/06/2020,154.08,
12/06/2020,Varekjøp Coop Mega w Thranesgt. Oslo Dato 12.06 kl. 19.41 ,15/06/2020,147.32,
12/06/2020,Varekjøp Deli De Luca Wld Thranesg Oslo Dato 12.06 kl. 15.56 ,15/06/2020,107.00,
12/06/2020,Varekjøp Kiellands Bloms Waldemar Thr Oslo Dato 12.06 kl. 13.02 ,12/06/2020,249.00,
12/06/2020,Giro  640 Oslo Kommune Kemnerkontor Mobil Betaling ,12/06/2020,900.00,
12/06/2020,Varekjøp Coop Mega w Thranesgt. Oslo Dato 12.06 kl. 12.03 ,12/06/2020,201.80,
12/06/2020,Fast Oppdrag  3571 Cecilie Elstad  ,12/06/2020,,500.00
12/06/2020,Lønn  1788900 Universitetet i Oslo  ,12/06/2020,,"6,199.18"
10/06/2020,Visa  100022,12/06/2020,149.00,
06/06/2020,Visa  100322,09/06/2020,39.00,
06/06/2020,Visa  100122,09/06/2020,109.00,
06/06/2020,Visa  100221,09/06/2020,159.00,
04/06/2020,Visa  100022,08/06/2020,339.00,
04/06/2020,Visa  100121,08/06/2020,75.00,
03/06/2020,Visa  100022,09/06/2020,179.00,
03/06/2020,Visa  100222,04/06/2020,89.00,
03/06/2020,Varekjøp Norli Oslo City Stenersgata Oslo Dato 03.06 kl. 15.42 ,04/06/2020,699.00,
03/06/2020,Varekjøp Q-park Bankplas Bankplassen Oslo Dato 03.06 kl. 16.03 ,04/06/2020,550.00,
02/06/2020,Visa  100122,04/06/2020,109.00,
02/06/2020,Varekjøp Q-park Bankplas Bankplassen Oslo Dato 02.06 kl. 19.03 ,03/06/2020,550.00,
02/06/2020,Varekjøp Kantine Norges Revierstrede Oslo Dato 02.06 kl. 10.55 ,02/06/2020,200.00,
02/06/2020,Kontoregulering  258 Mobil Overføring  ,02/06/2020,,"4,000.00"
02/06/2020,Varekjøp Kantine Norges Revierstrede Oslo Dato 02.06 kl. 07.47 ,02/06/2020,34.81,
02/06/2020,Overføring Innland  3575 Cecilie Elstad  ,02/06/2020,,300.00
01/06/2020,Visa  100022,04/06/2020,90.00,
01/06/2020,Ubetjent Varekjøp Shell Nannestad Nannestadveg Nannes Dato 01.06 kl. 19.49 ,02/06/2020,304.52,
31/05/2020,Visa  100322,03/06/2020,65.00,
31/05/2020,Visa  100221,03/06/2020,75.00,
30/05/2020,Giro  639 Sio Bolig Mobil Betaling ,02/06/2020,196.00,
29/05/2020,Visa  100122,03/06/2020,95.00,
29/05/2020,Visa  100021,03/06/2020,380.00,
29/05/2020,Varekjøp Baker Hansen Nydalsveien Oslo Dato 29.05 kl. 14.04 ,29/05/2020,60.00,
29/05/2020,Varekjøp Meny Bjølsen Moldegata 1 Oslo Dato 29.05 kl. 13.11 ,29/05/2020,1.90,
29/05/2020,Varekjøp Meny Bjølsen Moldegata 1 Oslo Dato 29.05 kl. 10.59 ,29/05/2020,82.87,
28/05/2020,Varekjøp Meny Bjølsen Moldegata 1 Oslo Dato 28.05 kl. 17.39 ,29/05/2020,82.40,
28/05/2020,Varekjøp Jysk Btk N501 Thorvald Mey Oslo Dato 28.05 kl. 16.38 ,29/05/2020,"1,100.00",
28/05/2020,Varekjøp Sushirose Bjøls Maridalsveie Oslo Dato 28.05 kl. 17.30 ,29/05/2020,130.00,
28/05/2020,Giro  637 Telia Norge AS Efaktura ,29/05/2020,348.00,
28/05/2020,Giro  638 Telia Norge AS Efaktura ,29/05/2020,301.00,
27/05/2020,Visa  100222,29/05/2020,95.00,
27/05/2020,Visa  100122,29/05/2020,109.00,
27/05/2020,Visa  100022,29/05/2020,65.00,
27/05/2020,Varekjøp Meny Bjølsen Moldegata 1 Oslo Dato 27.05 kl. 20.58 ,28/05/2020,190.86,
26/05/2020,Visa  100121,28/05/2020,366.00,
26/05/2020,Visa  100021,28/05/2020,89.00,
26/05/2020,Varekjøp Meny Bjølsen Moldegata 1 Oslo Dato 26.05 kl. 17.48 ,27/05/2020,177.70,
26/05/2020,Varekjøp Meny Bjølsen Moldegata 1 Oslo Dato 26.05 kl. 13.04 ,26/05/2020,18.70,
26/05/2020,Varekjøp Meny Bjølsen Moldegata 1 Oslo Dato 26.05 kl. 13.01 ,26/05/2020,209.47,
25/05/2020,Visa  100022,27/05/2020,95.00,
25/05/2020,Varekjøp Meny Bjølsen Moldegata 1 Oslo Dato 25.05 kl. 14.46 ,25/05/2020,304.60,
25/05/2020,Varekjøp Meny Bjølsen Moldegata 1 Oslo Dato 25.05 kl. 12.31 ,25/05/2020,32.00,
25/05/2020,Varekjøp Baker Hansen Nydalsveien Oslo Dato 25.05 kl. 11.33 ,25/05/2020,75.00,
23/05/2020,Visa  100021,26/05/2020,589.00,
23/05/2020,Giro  631 Redd Barna Avtalegiro ,25/05/2020,275.00,
22/05/2020,Overføring  3976158645 Arne Magne Elstad Vipps Vipps ,25/05/2020,400.00,
20/05/2020,Varekjøp Prince Lunchbar Kirkegata 20 Oslo Dato 20.05 kl. 15.39 ,22/05/2020,99.00,
20/05/2020,Varekjøp Kiwi 309 Bjølse Bergensgata Oslo Dato 20.05 kl. 22.27 ,22/05/2020,36.90,
20/05/2020,Varekjøp Kantine Norges Revierstrede Oslo Dato 20.05 kl. 10.56 ,20/05/2020,74.86,
19/05/2020,Visa  100021,22/05/2020,50.00,
19/05/2020,Varekjøp Meny Bjølsen Moldegata 1 Oslo Dato 19.05 kl. 19.57 ,20/05/2020,39.90,
19/05/2020,Varekjøp Meny Bjølsen Moldegata 1 Oslo Dato 19.05 kl. 16.08 ,20/05/2020,17.33,
19/05/2020,Varekjøp Meny Bjølsen Moldegata 1 Oslo Dato 19.05 kl. 14.45 ,19/05/2020,164.15,
18/05/2020,Overføring  3279159956 Kamonthip Charoenphanit Vipps Vipps ,19/05/2020,,342.00
18/05/2020,Varekjøp Xeast AS Nydalsveien Oslo Dato 18.05 kl. 17.01 ,19/05/2020,800.00,
18/05/2020,Giro  630 Studensamsk. i Oslo-boligdiv. Fast Oppdrag ,18/05/2020,"5,778.00",
18/05/2020,Overføring Innland  3510159367 Simona Vaduva  ,18/05/2020,50.00,
17/05/2020,Varekjøp Joker Ankertorg Storgaten 55 Oslo Dato 17.05 kl. 11.15 ,18/05/2020,168.50,
17/05/2020,Varekjøp Bislett Kebab h Sandakerveie Oslo Dato 17.05 kl. 22.03 ,18/05/2020,93.00,
16/05/2020,Visa  100021,19/05/2020,100.00,
16/05/2020,Varekjøp Espresso House Olav Vs Gt 2 Oslo Dato 16.05 kl. 16.40 ,18/05/2020,93.00,
16/05/2020,Varekjøp Kiwi 309 Bjølse Bergensgata Oslo Dato 16.05 kl. 20.31 ,18/05/2020,157.70,
16/05/2020,Varekjøp Coop Mega Nydalsvn. 33 Oslo Dato 16.05 kl. 14.00 ,18/05/2020,119.60,
15/05/2020,Varekjøp Meny Bjølsen Moldegata 1 Oslo Dato 15.05 kl. 18.09 ,18/05/2020,183.64,
15/05/2020,Visa  100022,18/05/2020,119.00,
15/05/2020,Lønn  66760001200 Norges Bank  ,15/05/2020,,"11,394.00"
14/05/2020,Varekjøp Meny Bjølsen Moldegata 1 Oslo Dato 14.05 kl. 18.08 ,15/05/2020,161.90,
14/05/2020,Overføring Innland  3806151095 Arne Magne Elstad Vipps ,14/05/2020,,150.00
14/05/2020,Lønn  1802695 Universitetet i Oslo  ,14/05/2020,,"4,044.60"
13/05/2020,Visa  100021,15/05/2020,123.00,
13/05/2020,Varekjøp Coop Mega Nydalsvn. 33 Oslo Dato 13.05 kl. 19.46 ,14/05/2020,333.90,
12/05/2020,Overføring  3720155771 Arne Magne Elstad Vipps Vipps ,12/05/2020,50.00,
12/05/2020,Overføring  3914152183 Arne Magne Elstad Vipps Vipps ,12/05/2020,100.00,
12/05/2020,Fast Oppdrag  3565 Cecilie Elstad  ,12/05/2020,,500.00
11/05/2020,Varekjøp Meny Holmestran Hvittingfoss Holmes Dato 11.05 kl. 16.56 ,12/05/2020,633.70,
10/05/2020,Varekjøp Holmestrand Fas Hvittingfoss Holmes Dato 10.05 kl. 16.54 ,11/05/2020,245.00,
06/05/2020,Visa  100022,08/05/2020,109.00,
06/05/2020,Visa  100121,08/05/2020,159.00,
05/05/2020,Overføring Innland  3361151682 Patrick Westlie Grimsgaard  ,05/05/2020,100.00,
04/05/2020,Visa  100022,11/05/2020,179.00,
03/05/2020,Visa  100222,05/05/2020,89.00,
02/05/2020,Visa  100122,05/05/2020,109.00,
02/05/2020,Giro  634 Sio Bolig Mobil Betaling ,04/05/2020,196.00,
01/05/2020,Visa  100022,05/05/2020,90.00,
30/04/2020,Varekjøp Skarnes Bruvegen 5-7 Skarnes Dato 30.04 kl. 11.08 ,30/04/2020,699.00,
29/04/2020,Visa  100021,04/05/2020,326.00,
28/04/2020,Visa  100122,30/04/2020,962.50,
28/04/2020,Visa  100022,30/04/2020,65.00,
28/04/2020,Varekjøp Meny Bjølsen Moldegata 1 Oslo Dato 28.04 kl. 16.23 ,29/04/2020,128.10,
28/04/2020,Giro  632 Telia Norge AS Efaktura ,29/04/2020,299.00,
28/04/2020,Giro  633 Telia Norge AS Efaktura ,29/04/2020,349.00,
28/04/2020,Varekjøp Kiwi 309 Bjølse Bergensgata Oslo Dato 28.04 kl. 07.04 ,28/04/2020,248.60,
27/04/2020,Visa  100022,29/04/2020,109.00,
27/04/2020,Varekjøp Meny Bjølsen Moldegata 1 Oslo Dato 27.04 kl. 16.19 ,28/04/2020,195.00,
26/04/2020,Visa  100221,28/04/2020,89.00,
26/04/2020,Varekjøp Nærbutikken Bjø Bergensgate Oslo Dato 26.04 kl. 16.34 ,27/04/2020,42.90,
26/04/2020,Varekjøp Nærbutikken Bjø Bergensgate Oslo Dato 26.04 kl. 21.16 ,27/04/2020,92.80,
25/04/2020,Visa  100022,28/04/2020,95.00,
25/04/2020,Visa  100121,28/04/2020,50.00,
25/04/2020,Varekjøp Clas Ohl 2852 Vitaminveien Oslo Dato 25.04 kl. 12.04 ,27/04/2020,39.90,
25/04/2020,Varekjøp Meny Bjølsen Moldegata 1 Oslo Dato 25.04 kl. 12.55 ,27/04/2020,191.10,
25/04/2020,Varekjøp Vitus Bjølsen Moldegt. 1 Oslo Dato 25.04 kl. 12.46 ,27/04/2020,124.90,
25/04/2020,Varekjøp Vinmonopolet Storo Oslo Dato 25.04 kl. 11.43 ,27/04/2020,126.90,
25/04/2020,Varekjøp Ark Storo Oslo Vitaminveien Oslo Dato 25.04 kl. 11.38 ,27/04/2020,381.00,
24/04/2020,Varekjøp Meny Bjølsen Moldegata 1 Oslo Dato 24.04 kl. 16.47 ,27/04/2020,274.45,
23/04/2020,Visa  100021,27/04/2020,462.00,
23/04/2020,Varekjøp Dominos Pizza Avd. 26200 Oslo Dato 23.04 kl. 18.27 ,24/04/2020,287.00,
23/04/2020,Varekjøp Meny Bjølsen Moldegata 1 Oslo Dato 23.04 kl. 20.40 ,24/04/2020,87.80,
23/04/2020,Giro  625 Redd Barna Avtalegiro ,23/04/2020,275.00,
22/04/2020,Varekjøp Meny Bjølsen Moldegata 1 Oslo Dato 22.04 kl. 18.09 ,23/04/2020,303.20,
21/04/2020,Varekjøp Meny Bjølsen Moldegata 1 Oslo Dato 21.04 kl. 14.17 ,21/04/2020,368.62,
20/04/2020,Varekjøp Meny Bjølsen Moldegata 1 Oslo Dato 20.04 kl. 20.47 ,21/04/2020,217.99,
20/04/2020,Varekjøp Ullevål Hageby Niels Henrik Oslo Dato 20.04 kl. 13.53 ,20/04/2020,240.00,
19/04/2020,Varekjøp Nærbutikken Bjø Bergensgate Oslo Dato 19.04 kl. 18.24 ,20/04/2020,87.80,
19/04/2020,Varekjøp Nærbutikken Bjø Bergensgate Oslo Dato 19.04 kl. 18.19 ,20/04/2020,176.70,
18/04/2020,Giro  624 Studensamsk. i Oslo-boligdiv. Fast Oppdrag ,20/04/2020,"5,778.00",
17/04/2020,Overføring  3412139442 Arne Magne Elstad Vipps Vipps ,17/04/2020,200.00,
16/04/2020,Varekjøp Meny Holmestran Hvittingfoss Holmes Dato 16.04 kl. 16.55 ,17/04/2020,264.70,
16/04/2020,Overføring Innland  66761159114 Statens Lånekasse For  ,16/04/2020,,"11,020.00"
16/04/2020,Varekjøp Power Trimveien 41 Horten Dato 16.04 kl. 12.34 ,16/04/2020,"3,268.00",
15/04/2020,Visa  100022,16/04/2020,119.00,
15/04/2020,Kontoregulering  629 Mobil Overføring  ,15/04/2020,"45,000.00",
15/04/2020,Overføring  3833142181 Arne Magne Elstad Straksbetaling ,15/04/2020,,150.00
15/04/2020,Overføring Innland  66761158869 Statens Lånekasse For  ,15/04/2020,,"8,265.00"
15/04/2020,Lønn  66760001187 Norges Bank  ,15/04/2020,,"11,394.00"
14/04/2020,Overføring Innland  66761158440 Statens Lånekasse For  ,14/04/2020,,"8,265.00"
12/04/2020,Fast Oppdrag  3558 Cecilie Elstad  ,14/04/2020,,500.00
08/04/2020,Visa  100022,15/04/2020,503.00,
06/04/2020,Visa  100122,08/04/2020,109.00,
06/04/2020,Visa  100221,08/04/2020,159.00,
06/04/2020,Visa  100021,08/04/2020,159.00,
04/04/2020,Visa  100022,14/04/2020,179.00,
04/04/2020,Overføring  3775143401 Arne Magne Elstad Vipps Vipps ,06/04/2020,100.00,
03/04/2020,Varekjøp 042holmestrand/ Bentsrudvn 4 Holmes Dato 03.04 kl. 16.55 ,06/04/2020,197.40,
03/04/2020,Visa  100222,06/04/2020,89.00,
03/04/2020,Overføring  3115136012 Arne Magne Elstad Vipps Vipps ,03/04/2020,200.00,
03/04/2020,Overføring  3153138493 Arne Magne Elstad Vipps Vipps ,03/04/2020,300.00,
02/04/2020,Visa  100122,06/04/2020,109.00,
01/04/2020,Visa  100022,06/04/2020,90.00,
01/04/2020,Giro  628 Sio Bolig Mobil Betaling ,01/04/2020,196.00,
31/03/2020,Visa  100021,02/04/2020,500.00,
31/03/2020,Overføring  3526138590 Arne Magne Elstad Vipps Vipps ,31/03/2020,,300.00
30/03/2020,Varekjøp Meny Holmestran Hvittingfoss Holmes Dato 30.03 kl. 19.31 ,31/03/2020,163.00,
28/03/2020,Giro  626 Telia Norge AS Efaktura ,30/03/2020,299.00,
28/03/2020,Giro  627 Telia Norge AS Efaktura ,30/03/2020,348.00,
27/03/2020,Visa  100022,31/03/2020,109.00,
27/03/2020,Overføring  3357135539 Liv Helene Arntzen Vipps Vipps ,30/03/2020,,5.00
25/03/2020,Visa  100022,27/03/2020,95.00,
25/03/2020,Visa  100121,27/03/2020,89.00,
24/03/2020,Overføring Innland  3560 Cecilie Elstad  ,25/03/2020,,"2,000.00"
24/03/2020,Overføring Innland  3389136980 Patrick Westlie Grimsgaard  ,24/03/2020,100.00,
23/03/2020,Giro  618 Redd Barna Avtalegiro ,23/03/2020,275.00,
20/03/2020,Varekjøp Meny Bjølsen Moldegata 1 Oslo Dato 20.03 kl. 13.24 ,20/03/2020,20.00,
19/03/2020,Varekjøp Meny Bjølsen Moldegata 1 Oslo Dato 19.03 kl. 13.21 ,19/03/2020,84.80,
18/03/2020,Varekjøp Meny Bjølsen Moldegata 1 Oslo Dato 18.03 kl. 11.13 ,18/03/2020,415.30,
18/03/2020,Giro  617 Studensamsk. i Oslo-boligdiv. Fast Oppdrag ,18/03/2020,"5,778.00",
17/03/2020,Visa  100021,19/03/2020,50.00,
17/03/2020,Varekjøp Meny Bjølsen Moldegata 1 Oslo Dato 17.03 kl. 14.25 ,17/03/2020,245.50,
16/03/2020,Varekjøp Meny Bjølsen Moldegata 1 Oslo Dato 16.03 kl. 09.59 ,16/03/2020,103.00,
16/03/2020,Overføring Innland  3053130857 Shahroz Yousefi  ,16/03/2020,150.00,
15/03/2020,Varekjøp Nærbutikken Bjø Bergensgate Oslo Dato 15.03 kl. 18.23 ,16/03/2020,229.30,
14/03/2020,Visa  100022,17/03/2020,119.00,
14/03/2020,Varekjøp Meny Bjølsen Moldegata 1 Oslo Dato 14.03 kl. 18.25 ,16/03/2020,193.30,
13/03/2020,Varekjøp Meny Bjølsen Moldegata 1 Oslo Dato 13.03 kl. 12.58 ,13/03/2020,493.72,
13/03/2020,Lønn  66760001178 Norges Bank  ,13/03/2020,,"11,394.00"
12/03/2020,Varekjøp Meny Bjølsen Moldegata 1 Oslo Dato 12.03 kl. 15.35 ,13/03/2020,169.80,
12/03/2020,Overføring Innland  66761157385 Statens Lånekasse For  ,12/03/2020,,"8,265.00"
12/03/2020,Varekjøp Bar Polar AS Sandakerveie Oslo Dato 12.03 kl. 00.01 ,12/03/2020,100.00,
12/03/2020,Fast Oppdrag  3552 Cecilie Elstad  ,12/03/2020,,500.00
11/03/2020,Varekjøp Politiker`n Youngstorget Oslo Dato 11.03 kl. 18.07 ,12/03/2020,210.00,
11/03/2020,Varekjøp Politiker`n Youngstorget Oslo Dato 11.03 kl. 16.46 ,12/03/2020,310.00,
11/03/2020,Varekjøp Amundsen Brygge Stortingsgat Oslo Dato 11.03 kl. 19.35 ,12/03/2020,210.00,
11/03/2020,Overføring Innland  3653128596 Ivan Myhre Winje  ,11/03/2020,100.00,
10/03/2020,Varekjøp Meny Bjølsen Moldegt. 1 Oslo Dato 10.03 kl. 15.47 ,11/03/2020,91.80,
10/03/2020,Varekjøp Kantine Norges Revierstrede Oslo Dato 10.03 kl. 11.31 ,10/03/2020,200.00,
10/03/2020,Varekjøp Kantine Norges Revierstrede Oslo Dato 10.03 kl. 08.55 ,10/03/2020,32.40,
09/03/2020,Varekjøp Meny Bjølsen Moldegt. 1 Oslo Dato 09.03 kl. 16.53 ,10/03/2020,123.90,
08/03/2020,Visa  100721,10/03/2020,147.00,
08/03/2020,Giro  623 Samfunnsøkonomene Mobil Betaling ,09/03/2020,300.00,
07/03/2020,Visa  100622,10/03/2020,361.80,
07/03/2020,Visa  100521,10/03/2020,242.00,
06/03/2020,Visa  100322,10/03/2020,109.00,
06/03/2020,Visa  100222,10/03/2020,"1,951.82",
06/03/2020,Visa  100122,10/03/2020,"2,761.11",
06/03/2020,Visa  100421,10/03/2020,159.00,
06/03/2020,Kontoregulering  622 Mobil Overføring  ,06/03/2020,"25,000.00",
05/03/2020,Visa  100022,10/03/2020,179.00,
05/03/2020,Visa  100021,09/03/2020,50.00,
05/03/2020,Varekjøp Meny Bjølsen Moldegt. 1 Oslo Dato 05.03 kl. 14.55 ,05/03/2020,71.90,
04/03/2020,Visa  100121,06/03/2020,462.00,
04/03/2020,Visa  100021,06/03/2020,25.00,
03/03/2020,Visa  100022,05/03/2020,89.00,
03/03/2020,Giro  621 Sio Bolig Mobil Betaling ,03/03/2020,196.00,
03/03/2020,Varekjøp Meny Bjølsen Moldegt. 1 Oslo Dato 03.03 kl. 11.21 ,03/03/2020,203.78,
02/03/2020,Visa  100022,04/03/2020,109.00,
02/03/2020,Varekjøp Meny Bjølsen Moldegt. 1 Oslo Dato 02.03 kl. 10.01 ,02/03/2020,157.50,
01/03/2020,Visa  100022,03/03/2020,90.00,
01/03/2020,Varekjøp Nydalen Grill a Maridalsveie Oslo Dato 01.03 kl. 00.24 ,02/03/2020,140.00,
01/03/2020,Varekjøp Nærbutikken Bjø Bergensgate Oslo Dato 01.03 kl. 18.29 ,02/03/2020,126.70,
01/03/2020,Giro  616 Sio Athletica Avtalegiro Sio Athletica,02/03/2020,175.00,
29/02/2020,Varekjøp Meny Bjølsen Moldegt. 1 Oslo Dato 29.02 kl. 15.39 ,02/03/2020,339.75,
28/02/2020,Giro  620 Telia Norge AS Efaktura ,02/03/2020,299.00,
28/02/2020,Giro  619 Telia Norge AS Efaktura ,02/03/2020,348.00,
28/02/2020,Varekjøp Meny Bjølsen Moldegt. 1 Oslo Dato 28.02 kl. 12.45 ,28/02/2020,99.27,
27/02/2020,Visa  100022,02/03/2020,109.00,
27/02/2020,Varekjøp Meny Bjølsen Moldegt. 1 Oslo Dato 27.02 kl. 17.06 ,28/02/2020,103.70,
26/02/2020,Varekjøp Eataly 2007 Bryggetorget Oslo Dato 26.02 kl. 19.21 ,27/02/2020,260.00,
25/02/2020,Visa  100022,27/02/2020,95.00,
25/02/2020,Visa  100121,27/02/2020,89.00,
25/02/2020,Varekjøp Domino's Pizza Avd. 26211 Oslo Dato 25.02 kl. 18.56 ,26/02/2020,309.00,
24/02/2020,Visa  100121,26/02/2020,"2,127.00",
24/02/2020,Visa  100021,26/02/2020,"2,127.00",
23/02/2020,Giro  611 Redd Barna Avtalegiro ,24/02/2020,275.00,
21/02/2020,Visa  100021,25/02/2020,50.00,
21/02/2020,Varekjøp Meny Bjølsen Moldegt. 1 Oslo Dato 21.02 kl. 17.26 ,24/02/2020,36.85,
21/02/2020,Varekjøp Meny Bjølsen Moldegt. 1 Oslo Dato 21.02 kl. 14.36 ,21/02/2020,"1,147.80",
21/02/2020,Varekjøp Meny Bjølsen Moldegt. 1 Oslo Dato 21.02 kl. 13.02 ,21/02/2020,188.90,
21/02/2020,Varekjøp Mester Grønn 10 Gjellebekkst Liersk Dato 21.02 kl. 14.38 ,21/02/2020,461.60,
20/02/2020,Varekjøp Meny Bjølsen Moldegt. 1 Oslo Dato 20.02 kl. 13.41 ,20/02/2020,295.23,
19/02/2020,Varekjøp Meny Bjølsen Moldegt. 1 Oslo Dato 19.02 kl. 19.07 ,20/02/2020,285.00,
18/02/2020,Varekjøp Meny Bjølsen Moldegt. 1 Oslo Dato 18.02 kl. 17.36 ,19/02/2020,179.47,
18/02/2020,Giro  610 Studensamsk. i Oslo-boligdiv. Fast Oppdrag ,18/02/2020,"5,778.00",
17/02/2020,Visa  100021,19/02/2020,94.60,
17/02/2020,Varekjøp Meny Bjølsen Moldegt. 1 Oslo Dato 17.02 kl. 14.40 ,17/02/2020,113.30,
16/02/2020,Varekjøp Nærbutikken Bjø Bergensgate Oslo Dato 16.02 kl. 16.35 ,17/02/2020,182.60,
15/02/2020,Visa  100121,18/02/2020,330.00,
15/02/2020,Varekjøp Meny Bjølsen Moldegt. 1 Oslo Dato 15.02 kl. 14.32 ,17/02/2020,137.61,
15/02/2020,Varekjøp Vinmonopolet Ny Nydalsveien Oslo Dato 15.02 kl. 14.12 ,17/02/2020,159.90,
14/02/2020,Visa  100022,18/02/2020,119.00,
14/02/2020,Varekjøp Meny Bjølsen Moldegt. 1 Oslo Dato 14.02 kl. 18.46 ,17/02/2020,172.90,
14/02/2020,Lønn  66760001165 Norges Bank  ,14/02/2020,,"11,394.00"
13/02/2020,Varekjøp Meny Bjølsen Moldegt. 1 Oslo Dato 13.02 kl. 16.48 ,14/02/2020,30.00,
13/02/2020,Varekjøp Meny Bjølsen Moldegt. 1 Oslo Dato 13.02 kl. 21.21 ,14/02/2020,39.90,
13/02/2020,Overføring Innland  66761156597 Statens Lånekasse For  ,13/02/2020,,"8,265.00"
12/02/2020,Visa  100021,14/02/2020,50.00,
12/02/2020,Varekjøp Politiker`n Youngstorget Oslo Dato 12.02 kl. 19.38 ,13/02/2020,194.00,
12/02/2020,Varekjøp Politiker`n Youngstorget Oslo Dato 12.02 kl. 18.28 ,13/02/2020,180.00,
12/02/2020,Varekjøp Kiwi 309 Bjølse Bergensgt. 2 Oslo Dato 12.02 kl. 22.14 ,13/02/2020,62.30,
12/02/2020,Varekjøp Norlaks Sushi Helgesens Gt Oslo Dato 12.02 kl. 17.10 ,13/02/2020,217.00,
12/02/2020,Overføring Innland  3800116061 Patrick Westlie Grimsgaard  ,12/02/2020,100.00,
12/02/2020,Fast Oppdrag  3546 Cecilie Elstad  ,12/02/2020,,500.00
11/02/2020,Varekjøp Meny Bjølsen Moldegt. 1 Oslo Dato 11.02 kl. 21.31 ,12/02/2020,126.50,
11/02/2020,Varekjøp Baker Hansen Ullevålsveie Oslo Dato 11.02 kl. 11.50 ,11/02/2020,30.00,
11/02/2020,Overføring Innland  3264113837 Tabassum Aslam Vipps ,11/02/2020,,40.00
11/02/2020,Overføring Innland  3842115234 Tabassum Aslam  ,11/02/2020,164.00,
10/02/2020,Varekjøp Meny Bjølsen Moldegt. 1 Oslo Dato 10.02 kl. 18.29 ,11/02/2020,166.30,
10/02/2020,Varekjøp Kantine Norges Revierstrede Oslo Dato 10.02 kl. 11.32 ,10/02/2020,200.00,
10/02/2020,Varekjøp Kantine Norges Revierstrede Oslo Dato 10.02 kl. 09.00 ,10/02/2020,27.60,
09/02/2020,Varekjøp Røør Rozenkrantz Oslo Dato 09.02 kl. 20.20 ,10/02/2020,129.00,
09/02/2020,Varekjøp Røør Rozenkrantz Oslo Dato 09.02 kl. 19.05 ,10/02/2020,140.00,
09/02/2020,Varekjøp Røør Rozenkrantz Oslo Dato 09.02 kl. 22.40 ,10/02/2020,78.00,
09/02/2020,Varekjøp Røør Rozenkrantz Oslo Dato 09.02 kl. 21.34 ,10/02/2020,130.00,
09/02/2020,Varekjøp Nydalen Grill a Maridalsveie Oslo Dato 09.02 kl. 15.46 ,10/02/2020,162.00,
08/02/2020,Varekjøp Meny Bjølsen Moldegt. 1 Oslo Dato 08.02 kl. 17.31 ,10/02/2020,236.90,
07/02/2020,Varekjøp Meny Bjølsen Moldegt. 1 Oslo Dato 07.02 kl. 20.25 ,10/02/2020,77.80,
07/02/2020,Varekjøp Meny Bjølsen Moldegt. 1 Oslo Dato 07.02 kl. 14.11 ,07/02/2020,40.90,
07/02/2020,Varekjøp Kantine Norges Revierstrede Oslo Dato 07.02 kl. 11.44 ,07/02/2020,45.60,
07/02/2020,Overføring  3223114562 Signe Bjotveit Vipps Takk For Hjelpen Med Teksten! ,07/02/2020,200.00,
06/02/2020,Visa  100022,10/02/2020,109.00,
06/02/2020,Visa  100221,10/02/2020,357.00,
06/02/2020,Visa  100121,10/02/2020,159.00,
05/02/2020,Varekjøp Meny Bjølsen Moldegt. 1 Oslo Dato 05.02 kl. 19.05 ,06/02/2020,204.70,
05/02/2020,Varekjøp Meny Bjølsen Moldegt. 1 Oslo Dato 05.02 kl. 13.52 ,05/02/2020,74.50,
05/02/2020,Varekjøp Kantine Norges Revierstrede Oslo Dato 05.02 kl. 11.26 ,05/02/2020,73.53,
04/02/2020,Visa  100022,11/02/2020,179.00,
04/02/2020,Varekjøp Meny Bjølsen Moldegt. 1 Oslo Dato 04.02 kl. 17.31 ,05/02/2020,116.90,
04/02/2020,Varekjøp Kantine Norges Revierstrede Oslo Dato 04.02 kl. 11.28 ,04/02/2020,68.10,
03/02/2020,Visa  100022,05/02/2020,89.00,
03/02/2020,Varekjøp Nydalen Grill a Maridalsveie Oslo Dato 03.02 kl. 15.19 ,04/02/2020,140.00,
03/02/2020,Varekjøp Meny Bjølsen Moldegt. 1 Oslo Dato 03.02 kl. 15.31 ,04/02/2020,40.50,
02/02/2020,Visa  100222,04/02/2020,109.00,
02/02/2020,Visa  100321,04/02/2020,462.00,
02/02/2020,Varekjøp Nsb Holmestrand Langgt. 2 Holmestra Dato 02.02 kl. 17.10 ,03/02/2020,147.00,
02/02/2020,Varekjøp Nærbutikken Bjø Bergensgate Oslo Dato 02.02 kl. 18.59 ,03/02/2020,44.10,
01/02/2020,Visa  100122,04/02/2020,90.00,
01/02/2020,Giro  609 Sio Athletica Avtalegiro Sio Athletica,03/02/2020,175.00,
01/02/2020,Giro  614 Høyre (partiet) Efaktura ,03/02/2020,440.00,
01/02/2020,Giro  615 Sio Bolig Mobil Betaling ,03/02/2020,196.00,
31/01/2020,Visa  100021,04/02/2020,71.00,
31/01/2020,Varekjøp Vinmonopolet Os Oslo City Oslo Dato 31.01 kl. 16.16 ,03/02/2020,137.90,
31/01/2020,Varekjøp Nsb Oslo Tvm Jernbanet.1 Oslo Dato 31.01 kl. 16.22 ,03/02/2020,143.00,
31/01/2020,Varekjøp Kantine Norges Revierstrede Oslo Dato 31.01 kl. 11.26 ,31/01/2020,47.52,
30/01/2020,Varekjøp Meny Bjølsen Moldegt. 1 Oslo Dato 30.01 kl. 16.11 ,31/01/2020,239.46,
30/01/2020,Varekjøp Din Sko 1114 Stenersgt.1 Oslo Dato 30.01 kl. 15.01 ,31/01/2020,901.00,
30/01/2020,Overføring Innland  3550 Cecilie Elstad  ,31/01/2020,,600.00
29/01/2020,Varekjøp Meny Bjølsen Moldegt. 1 Oslo Dato 29.01 kl. 17.01 ,30/01/2020,95.00,
29/01/2020,Giro  612 Telia Norge AS Efaktura ,29/01/2020,348.00,
29/01/2020,Giro  613 Telia Norge AS Efaktura ,29/01/2020,299.00,
28/01/2020,Varekjøp Meny Bjølsen Moldegt. 1 Oslo Dato 28.01 kl. 17.41 ,29/01/2020,40.50,
28/01/2020,Varekjøp Nydalen Grill a Maridalsveie Oslo Dato 28.01 kl. 17.28 ,29/01/2020,189.00,
28/01/2020,Overføring  3231106889 Arne Magne Elstad Vipps Vipps ,28/01/2020,,150.00
28/01/2020,Varekjøp Kantine Norges Revierstrede Oslo Dato 28.01 kl. 11.31 ,28/01/2020,200.00,
27/01/2020,Visa  100022,29/01/2020,109.00,
27/01/2020,Varekjøp Meny Bjølsen Moldegt. 1 Oslo Dato 27.01 kl. 15.07 ,28/01/2020,244.80,
26/01/2020,Varekjøp Nærbutikken Bjø Bergensgate Oslo Dato 26.01 kl. 19.16 ,27/01/2020,42.50,
25/01/2020,Visa  100022,28/01/2020,95.00,
25/01/2020,Visa  100121,28/01/2020,89.00,
24/01/2020,Varekjøp Leon Jernbane Torg 8000 Oslo Dato 24.01 kl. 16.22 ,27/01/2020,132.00,
24/01/2020,Varekjøp Clas Ohl 2836 Stenersgata Oslo Dato 24.01 kl. 16.09 ,27/01/2020,370.60,
24/01/2020,Varekjøp Flytoget1021117 Oslo s 64273 Oslo Dato 24.01 kl. 16.30 ,27/01/2020,98.00,
23/01/2020,Varekjøp Meny Bjølsen Moldegt. 1 Oslo Dato 23.01 kl. 14.13 ,23/01/2020,179.20,
23/01/2020,Giro  607 Redd Barna Avtalegiro ,23/01/2020,275.00,
21/01/2020,Varekjøp Meny Bjølsen Moldegt. 1 Oslo Dato 21.01 kl. 18.59 ,22/01/2020,192.30,
21/01/2020,Varekjøp Kantine Norges Revierstrede Oslo Dato 21.01 kl. 11.26 ,21/01/2020,200.00,
21/01/2020,Varekjøp Kantine Norges Revierstrede Oslo Dato 21.01 kl. 09.07 ,21/01/2020,32.26,
20/01/2020,Visa  100021,22/01/2020,57.00,
20/01/2020,Varekjøp Meny Bjølsen Moldegt. 1 Oslo Dato 20.01 kl. 17.05 ,21/01/2020,106.60,
20/01/2020,Overføring Innland  3585102432 Kamonthip Charoenphanit  ,20/01/2020,128.00,
19/01/2020,Varekjøp Pp Peppes 0024 Stortingsgt. Oslo Dato 19.01 kl. 16.28 ,20/01/2020,290.00,
19/01/2020,Varekjøp Nærbutikken Bjø Bergensgate Oslo Dato 19.01 kl. 20.17 ,20/01/2020,153.90,
18/01/2020,Varekjøp Meny Bjølsen Moldegt. 1 Oslo Dato 18.01 kl. 16.32 ,20/01/2020,271.90,
18/01/2020,Giro  604 Studensamsk. i Oslo-boligdiv. Fast Oppdrag ,20/01/2020,"5,778.00",
17/01/2020,Varekjøp Meny Bjølsen Moldegt. 1 Oslo Dato 17.01 kl. 16.17 ,20/01/2020,212.70,
17/01/2020,Varekjøp Kantine Norges Revierstrede Oslo Dato 17.01 kl. 11.27 ,17/01/2020,64.80,
16/01/2020,Varekjøp Meny Bjølsen Moldegt. 1 Oslo Dato 16.01 kl. 17.44 ,17/01/2020,90.80,
16/01/2020,Varekjøp Kantine Norges Revierstrede Oslo Dato 16.01 kl. 11.37 ,16/01/2020,77.30,
16/01/2020,Varekjøp Eurest 3363 Bi Nydalsveien Oslo Dato 16.01 kl. 09.55 ,16/01/2020,36.00,
15/01/2020,Varekjøp Meny Bjølsen Moldegt. 1 Oslo Dato 15.01 kl. 17.48 ,16/01/2020,32.90,
15/01/2020,Varekjøp Meny Bjølsen Moldegt. 1 Oslo Dato 15.01 kl. 16.27 ,16/01/2020,170.90,
15/01/2020,Lønn  66760001152 Norges Bank  ,15/01/2020,,"11,394.00"
14/01/2020,Visa  100122,16/01/2020,119.00,
14/01/2020,Visa  100022,16/01/2020,346.17,
14/01/2020,Varekjøp Meny Bjølsen Moldegt. 1 Oslo Dato 14.01 kl. 17.07 ,15/01/2020,104.40,
13/01/2020,Varekjøp Meny Bjølsen Moldegt. 1 Oslo Dato 13.01 kl. 18.47 ,14/01/2020,86.00,
13/01/2020,Varekjøp Kantine Norges Revierstrede Oslo Dato 13.01 kl. 11.22 ,13/01/2020,200.00,
13/01/2020,Varekjøp Kantine Norges Revierstrede Oslo Dato 13.01 kl. 08.04 ,13/01/2020,36.48,
12/01/2020,Visa  100121,14/01/2020,257.00,
12/01/2020,Visa  100021,14/01/2020,50.00,
12/01/2020,Varekjøp Nærbutikken Bjø Bergensgate Oslo Dato 12.01 kl. 17.15 ,13/01/2020,44.10,
12/01/2020,Fast Oppdrag  3540 Cecilie Elstad  ,13/01/2020,,500.00
11/01/2020,Varekjøp Meny Bjølsen Moldegt. 1 Oslo Dato 11.01 kl. 17.34 ,13/01/2020,101.10,
10/01/2020,Varekjøp Meny Bjølsen Moldegt. 1 Oslo Dato 10.01 kl. 16.06 ,13/01/2020,274.80,
09/01/2020,Varekjøp Meny Bjølsen Moldegt. 1 Oslo Dato 09.01 kl. 17.10 ,10/01/2020,134.10,
09/01/2020,Varekjøp Kantine Norges Revierstrede Oslo Dato 09.01 kl. 11.32 ,09/01/2020,56.16,
08/01/2020,Visa  100122,10/01/2020,503.00,
08/01/2020,Varekjøp Meny Bjølsen Moldegt. 1 Oslo Dato 08.01 kl. 19.12 ,09/01/2020,156.30,
07/01/2020,Varekjøp Meny Bjølsen Moldegt. 1 Oslo Dato 07.01 kl. 18.16 ,08/01/2020,118.40,
06/01/2020,Visa  100022,08/01/2020,109.00,
06/01/2020,Visa  100121,08/01/2020,159.00,
06/01/2020,Overføring Innland  66761155646 Statens Lånekasse For  ,06/01/2020,,"22,040.00"
06/01/2020,Varekjøp Meny Bjølsen Moldegt. 1 Oslo Dato 06.01 kl. 13.16 ,06/01/2020,198.60,
06/01/2020,Varekjøp Akademika Oslo Problemvn. 9 Oslo Dato 06.01 kl. 12.06 ,06/01/2020,861.00,
06/01/2020,Overføring Innland  3306096421 Sondre Joakim Engebrethsen  ,06/01/2020,200.00,
05/01/2020,Visa  100022,10/01/2020,179.00,
04/01/2020,Visa  100221,07/01/2020,50.00,
04/01/2020,Varekjøp Meny Bjølsen Moldegt. 1 Oslo Dato 04.01 kl. 15.46 ,06/01/2020,139.80,
04/01/2020,Varekjøp Bar Polar AS Sandakerveie Oslo Dato 04.01 kl. 20.05 ,06/01/2020,164.00,
03/01/2020,Visa  100022,07/01/2020,89.00,
03/01/2020,Visa  100121,07/01/2020,20.00,
03/01/2020,Varekjøp Kiwi 307 Krings Olav m. Trov Oslo Dato 03.01 kl. 17.47 ,06/01/2020,343.20,
03/01/2020,Varekjøp Royal Gastro p Jernbanetorg Oslo Dato 03.01 kl. 15.17 ,06/01/2020,250.00,
02/01/2020,Visa  100022,06/01/2020,109.00,
02/01/2020,Varekjøp Nydalen Grill a Maridalsveie Oslo Dato 02.01 kl. 19.09 ,03/01/2020,189.00,
02/01/2020,Varekjøp Kantine Norges Revierstrede Oslo Dato 02.01 kl. 11.48 ,02/01/2020,200.00,
02/01/2020,Overføring Innland  3351094764 Ivan Myhre Winje  ,02/01/2020,50.00,
01/01/2020,Visa  100122,03/01/2020,90.00,
01/01/2020,Visa  100021,03/01/2020,450.00,